order_id,customer_id,order_date,required_date,shipped_date,store_id,staff_id
1,259,2016-01-01,2016-01-03,2016-01-03,1,2
2,1212,2016-01-01,2016-01-04,2016-01-03,2,6
3,523,2016-01-02,2016-01-05,2016-01-03,2,7
4,175,2016-01-03,2016-01-04,2016-01-05,1,3
5,1324,2016-01-03,2016-01-06,2016-01-06,2,6
6,94,2016-01-04,2016-01-07,2016-01-05,2,6
7,324,2016-01-04,2016-01-07,2016-01-05,2,6
8,1204,2016-01-04,2016-01-05,2016-01-05,2,7
9,60,2016-01-05,2016-01-08,2016-01-08,1,2
10,442,2016-01-05,2016-01-06,2016-01-06,2,6
11,1326,2016-01-05,2016-01-08,2016-01-07,2,7
12,91,2016-01-06,2016-01-08,2016-01-09,1,2
13,873,2016-01-08,2016-01-11,2016-01-11,2,6
14,258,2016-01-09,2016-01-11,2016-01-12,1,3
15,450,2016-01-09,2016-01-10,2016-01-12,2,7
16,552,2016-01-12,2016-01-15,2016-01-15,1,3
17,1175,2016-01-12,2016-01-14,2016-01-14,1,3
18,541,2016-01-14,2016-01-17,2016-01-15,1,3
19,696,2016-01-14,2016-01-17,2016-01-16,1,2
20,923,2016-01-14,2016-01-16,2016-01-17,1,2
21,1250,2016-01-15,2016-01-16,2016-01-18,2,6
22,1035,2016-01-16,2016-01-18,2016-01-17,1,2
23,1149,2016-01-16,2016-01-19,2016-01-19,1,2
24,636,2016-01-18,2016-01-20,2016-01-19,2,7
25,657,2016-01-18,2016-01-21,2016-01-21,2,6
26,1280,2016-01-18,2016-01-21,2016-01-19,2,7
27,57,2016-01-19,2016-01-21,2016-01-20,2,7
28,252,2016-01-19,2016-01-20,2016-01-21,2,6
29,437,2016-01-20,2016-01-22,2016-01-21,2,6
30,1348,2016-01-20,2016-01-21,2016-01-21,2,6
31,1238,2016-01-20,2016-01-22,2016-01-22,3,8
32,1259,2016-01-21,2016-01-24,2016-01-22,1,3
33,236,2016-01-21,2016-01-22,2016-01-22,2,6
34,80,2016-01-22,2016-01-25,2016-01-23,2,6
35,813,2016-01-22,2016-01-25,2016-01-24,2,7
36,1321,2016-01-23,2016-01-24,2016-01-24,2,6
37,164,2016-01-25,2016-01-28,2016-01-26,2,6
38,583,2016-01-25,2016-01-27,2016-01-26,2,7
39,1296,2016-01-25,2016-01-26,2016-01-26,2,7
40,348,2016-01-27,2016-01-28,2016-01-29,1,3
41,979,2016-01-27,2016-01-30,2016-01-29,2,6
42,1095,2016-01-27,2016-01-28,2016-01-30,2,7
43,1434,2016-01-27,2016-01-28,2016-01-30,2,7
44,861,2016-01-28,2016-01-31,2016-01-30,2,7
45,1220,2016-01-28,2016-01-31,2016-01-31,2,7
46,746,2016-01-29,2016-01-31,2016-01-31,2,7
47,1234,2016-01-29,2016-01-30,2016-01-31,2,7
48,1012,2016-01-30,2016-02-01,2016-02-02,2,7
49,608,2016-01-31,2016-02-01,2016-02-02,2,6
50,872,2016-01-31,2016-02-03,2016-02-02,3,8
51,1047,2016-02-01,2016-02-02,2016-02-03,2,7
52,767,2016-02-03,2016-02-04,2016-02-05,1,2
53,965,2016-02-03,2016-02-04,2016-02-05,2,6
54,535,2016-02-04,2016-02-07,2016-02-07,2,7
55,1173,2016-02-04,2016-02-07,2016-02-06,2,6
56,1241,2016-02-04,2016-02-06,2016-02-07,2,6
57,1305,2016-02-04,2016-02-06,2016-02-06,2,7
58,504,2016-02-05,2016-02-07,2016-02-07,2,6
59,563,2016-02-05,2016-02-07,2016-02-06,2,7
60,151,2016-02-06,2016-02-08,2016-02-07,1,3
61,277,2016-02-06,2016-02-09,2016-02-09,2,7
62,208,2016-02-07,2016-02-10,2016-02-10,1,2
63,1075,2016-02-07,2016-02-09,2016-02-09,2,7
64,1185,2016-02-07,2016-02-08,2016-02-09,2,6
65,996,2016-02-08,2016-02-09,2016-02-11,2,6
66,1253,2016-02-09,2016-02-12,2016-02-12,2,7
67,526,2016-02-09,2016-02-11,2016-02-10,3,8
68,381,2016-02-10,2016-02-11,2016-02-13,2,6
69,1413,2016-02-10,2016-02-12,2016-02-11,2,7
70,50,2016-02-11,2016-02-11,NULL,3,9
71,797,2016-02-11,2016-02-14,2016-02-12,2,7
72,1386,2016-02-12,2016-02-15,2016-02-13,1,2
73,612,2016-02-12,2016-02-15,2016-02-14,2,7
74,264,2016-02-13,2016-02-15,2016-02-15,2,7
75,587,2016-02-14,2016-02-15,2016-02-17,2,6
76,9,2016-02-16,2016-02-16,,2,6
77,385,2016-02-16,2016-02-19,2016-02-19,1,2
78,1182,2016-02-16,2016-02-18,2016-02-19,2,7
79,529,2016-02-17,2016-02-20,2016-02-20,1,3
80,397,2016-02-17,2016-02-20,2016-02-19,2,6
81,521,2016-02-17,2016-02-19,2016-02-18,2,6
82,1223,2016-02-18,2016-02-21,2016-02-20,2,6
83,393,2016-02-19,2016-02-20,2016-02-20,1,3
84,317,2016-02-20,2016-02-22,2016-02-21,2,7
85,1174,2016-02-20,2016-02-23,2016-02-21,2,7
86,276,2016-02-21,2016-02-22,2016-02-23,2,7
87,516,2016-02-21,2016-02-22,2016-02-23,2,6
88,1069,2016-02-21,2016-02-22,2016-02-23,2,6
89,668,2016-02-21,2016-02-24,2016-02-24,3,8
90,414,2016-02-23,2016-02-25,2016-02-24,2,7
91,648,2016-02-25,2016-02-27,2016-02-28,1,2
92,1309,2016-02-25,2016-02-28,2016-02-28,2,7
93,1328,2016-02-26,2016-02-28,2016-02-27,1,3
94,929,2016-02-27,2016-02-28,2016-02-29,1,2
95,218,2016-02-27,2016-02-29,2016-02-28,2,7
96,1094,2016-02-27,2016-02-29,2016-02-28,2,7
97,204,2016-02-28,2016-02-29,2016-03-01,2,7
98,1194,2016-02-28,2016-02-29,2016-02-29,2,6
99,1165,2016-02-29,2016-03-01,2016-03-03,3,9
100,1237,2016-03-01,2016-03-04,2016-03-03,2,7
101,271,2016-03-01,2016-03-04,2016-03-04,3,8
102,336,2016-03-02,2016-03-05,2016-03-03,2,7
103,991,2016-03-03,2016-03-06,2016-03-05,1,2
104,7,2016-03-03,2016-03-05,2016-03-05,2,7
105,306,2016-03-03,2016-03-05,2016-03-04,2,7
106,422,2016-03-04,2016-03-05,2016-03-05,3,9
107,633,2016-03-06,2016-03-09,2016-03-09,1,2
108,12,2016-03-06,2016-03-09,2016-03-07,2,6
109,1255,2016-03-06,2016-03-09,2016-03-09,2,6
110,677,2016-03-06,2016-03-08,2016-03-09,3,9
111,630,2016-03-07,2016-03-10,2016-03-10,2,6
112,469,2016-03-08,2016-03-11,2016-03-10,2,6
113,1078,2016-03-08,2016-03-11,2016-03-11,2,6
114,1431,2016-03-08,2016-03-10,2016-03-11,2,7
115,1369,2016-03-09,2016-03-11,2016-03-11,2,7
116,471,2016-03-10,2016-03-11,2016-03-11,2,7
117,740,2016-03-10,2016-03-13,2016-03-11,2,6
118,577,2016-03-12,2016-03-14,2016-03-13,1,2
119,925,2016-03-12,2016-03-14,2016-03-14,2,7
120,327,2016-03-14,2016-03-15,2016-03-17,2,7
121,755,2016-03-14,2016-03-15,2016-03-16,2,6
122,786,2016-03-14,2016-03-16,2016-03-15,2,6
123,766,2016-03-15,2016-03-18,2016-03-17,2,6
124,403,2016-03-16,2016-03-18,2016-03-17,1,3
125,685,2016-03-16,2016-03-19,2016-03-17,2,6
126,1365,2016-03-16,2016-03-18,2016-03-18,2,7
127,484,2016-03-17,2016-03-18,2016-03-19,3,8
128,86,2016-03-18,2016-03-20,2016-03-21,2,6
129,84,2016-03-19,2016-03-21,2016-03-21,2,7
130,1049,2016-03-19,2016-03-22,2016-03-20,2,6
131,316,2016-03-19,2016-03-22,2016-03-20,3,8
132,46,2016-03-20,2016-03-22,2016-03-23,1,3
133,409,2016-03-20,2016-03-22,2016-03-21,2,7
134,679,2016-03-20,2016-03-21,2016-03-21,2,7
135,1354,2016-03-21,2016-03-23,2016-03-23,2,7
136,1192,2016-03-21,2016-03-24,2016-03-23,3,8
137,370,2016-03-23,2016-03-26,2016-03-25,2,7
138,438,2016-03-23,2016-03-24,2016-03-25,2,7
139,710,2016-03-23,2016-03-24,2016-03-26,2,7
140,1264,2016-03-23,2016-03-26,2016-03-26,2,7
141,557,2016-03-25,2016-03-27,2016-03-26,2,7
142,170,2016-03-26,2016-03-27,2016-03-27,1,3
143,693,2016-03-26,2016-03-28,2016-03-28,2,7
144,1124,2016-03-26,2016-03-29,2016-03-29,2,7
145,366,2016-03-27,2016-03-29,2016-03-30,2,6
146,288,2016-03-28,2016-03-30,2016-03-30,1,3
147,55,2016-03-28,2016-03-31,2016-03-31,2,7
148,714,2016-03-28,2016-03-30,2016-03-30,2,6
149,763,2016-03-28,2016-03-30,2016-03-29,2,6
150,332,2016-03-29,2016-03-31,2016-04-01,1,2
151,926,2016-03-29,2016-04-01,2016-03-31,1,2
152,76,2016-03-29,2016-03-30,2016-03-30,2,6
153,498,2016-03-30,2016-04-02,2016-04-01,2,6
154,1286,2016-03-31,2016-04-01,2016-04-01,1,2
155,371,2016-04-02,2016-04-03,2016-04-04,2,6
156,357,2016-04-03,2016-04-06,2016-04-05,1,3
157,43,2016-04-03,2016-04-06,2016-04-06,3,8
158,117,2016-04-04,2016-04-04,NULL,3,9
159,32,2016-04-04,2016-04-06,2016-04-06,1,2
160,205,2016-04-04,2016-04-06,2016-04-06,2,7
161,251,2016-04-04,2016-04-07,2016-04-05,2,7
162,31,2016-04-06,2016-04-08,2016-04-07,1,3
163,1325,2016-04-06,2016-04-07,2016-04-07,2,7
164,610,2016-04-07,2016-04-08,2016-04-09,2,7
165,574,2016-04-08,2016-04-10,2016-04-10,1,3
166,338,2016-04-08,2016-04-11,2016-04-11,2,6
167,1034,2016-04-08,2016-04-09,2016-04-11,2,7
168,1147,2016-04-09,2016-04-12,2016-04-11,1,3
169,99,2016-04-10,2016-04-11,2016-04-11,2,7
170,1200,2016-04-10,2016-04-11,2016-04-13,2,7
171,237,2016-04-11,2016-04-14,2016-04-14,1,3
172,1079,2016-04-11,2016-04-12,2016-04-14,2,7
173,117,2016-04-11,2016-04-14,2016-04-13,3,8
174,1361,2016-04-12,2016-04-13,2016-04-15,2,7
175,951,2016-04-13,2016-04-14,2016-04-14,2,6
176,643,2016-04-15,2016-04-16,2016-04-17,2,7
177,121,2016-04-16,2016-04-19,2016-04-19,1,2
178,756,2016-04-16,2016-04-17,2016-04-18,2,6
179,616,2016-04-17,2016-04-19,2016-04-19,2,6
180,918,2016-04-17,2016-04-20,2016-04-19,2,7
181,459,2016-04-18,2016-04-20,2016-04-20,1,3
182,854,2016-04-18,2016-04-19,2016-04-20,2,6
183,22,2016-04-19,2016-04-20,2016-04-20,2,7
184,134,2016-04-19,2016-04-21,2016-04-22,2,7
185,24,2016-04-20,2016-04-20,NULL,1,2
186,1127,2016-04-21,2016-04-22,2016-04-24,2,6
187,183,2016-04-22,2016-04-23,2016-04-24,2,6
188,390,2016-04-22,2016-04-23,2016-04-25,2,6
189,1288,2016-04-23,2016-04-24,2016-04-26,1,2
190,98,2016-04-23,2016-04-25,2016-04-25,2,6
191,919,2016-04-27,2016-04-28,2016-04-28,1,2
192,728,2016-04-27,2016-04-28,2016-04-29,2,7
193,1366,2016-04-28,2016-04-30,2016-04-30,1,3
194,558,2016-04-28,2016-04-30,2016-05-01,2,7
195,727,2016-04-28,2016-05-01,2016-05-01,2,7
196,1247,2016-04-28,2016-04-30,2016-05-01,2,6
197,127,2016-04-30,2016-05-03,2016-05-03,2,7
198,640,2016-05-01,2016-05-04,2016-05-03,2,6
199,760,2016-05-01,2016-05-04,2016-05-04,2,7
200,1074,2016-05-01,2016-05-03,2016-05-03,2,6
201,280,2016-05-01,2016-05-04,2016-05-02,3,9
202,600,2016-05-03,2016-05-05,2016-05-04,1,2
203,1102,2016-05-03,2016-05-05,2016-05-06,3,9
204,591,2016-05-04,2016-05-07,2016-05-06,2,7
205,635,2016-05-04,2016-05-05,2016-05-06,2,6
206,743,2016-05-04,2016-05-06,2016-05-05,3,9
207,105,2016-05-05,2016-05-07,2016-05-07,2,7
208,815,2016-05-06,2016-05-07,2016-05-09,2,7
209,514,2016-05-07,2016-05-08,2016-05-08,2,6
210,943,2016-05-07,2016-05-08,2016-05-09,2,6
211,1140,2016-05-07,2016-05-09,2016-05-08,2,6
212,1373,2016-05-08,2016-05-09,2016-05-11,2,6
213,788,2016-05-08,2016-05-09,2016-05-09,3,8
214,363,2016-05-10,2016-05-12,2016-05-11,2,6
215,1420,2016-05-10,2016-05-13,2016-05-12,2,7
216,267,2016-05-11,2016-05-14,2016-05-13,1,3
217,716,2016-05-11,2016-05-12,2016-05-14,2,7
218,1179,2016-05-12,2016-05-14,2016-05-14,2,7
219,1338,2016-05-12,2016-05-15,2016-05-15,2,6
220,1358,2016-05-12,2016-05-14,2016-05-15,2,6
221,1218,2016-05-13,2016-05-16,2016-05-14,1,2
222,51,2016-05-13,2016-05-16,2016-05-14,2,6
223,1368,2016-05-15,2016-05-16,2016-05-17,2,7
224,157,2016-05-17,2016-05-18,2016-05-19,1,3
225,307,2016-05-17,2016-05-20,2016-05-19,1,3
226,501,2016-05-17,2016-05-19,2016-05-20,1,2
227,489,2016-05-17,2016-05-18,2016-05-20,2,7
228,615,2016-05-17,2016-05-20,2016-05-20,2,7
229,742,2016-05-19,2016-05-21,2016-05-20,2,6
230,1167,2016-05-19,2016-05-20,2016-05-21,2,6
231,1257,2016-05-19,2016-05-22,2016-05-21,2,6
232,1360,2016-05-20,2016-05-23,2016-05-23,1,3
233,737,2016-05-21,2016-05-22,2016-05-24,2,6
234,1435,2016-05-22,2016-05-24,2016-05-24,2,6
235,649,2016-05-24,2016-05-25,2016-05-25,2,6
236,206,2016-05-25,2016-05-27,2016-05-26,2,6
237,1351,2016-05-25,2016-05-26,2016-05-27,2,7
238,1350,2016-05-26,2016-05-29,2016-05-29,2,6
239,13,2016-05-27,2016-05-27,NULL,3,9
240,65,2016-05-27,2016-05-29,2016-05-30,2,6
241,1082,2016-05-27,2016-05-29,2016-05-29,2,7
242,1168,2016-05-27,2016-05-30,2016-05-30,2,7
243,802,2016-05-27,2016-05-30,2016-05-28,3,8
244,956,2016-05-28,2016-05-29,2016-05-29,2,6
245,223,2016-05-29,2016-05-31,2016-05-30,2,7
246,17,2016-05-30,2016-05-30,NULL,2,6
247,928,2016-05-30,2016-06-01,2016-06-01,1,3
248,1376,2016-05-30,2016-06-01,2016-05-31,2,7
249,145,2016-06-01,2016-06-04,2016-06-04,2,6
250,150,2016-06-01,2016-06-02,2016-06-04,2,7
251,851,2016-06-01,2016-06-04,2016-06-04,2,7
252,66,2016-06-01,2016-06-04,2016-06-02,3,8
253,1267,2016-06-02,2016-06-05,2016-06-05,2,6
254,510,2016-06-03,2016-06-06,2016-06-05,2,7
255,801,2016-06-03,2016-06-06,2016-06-05,2,7
256,26,2016-06-04,2016-06-05,2016-06-07,2,7
257,1314,2016-06-05,2016-06-06,2016-06-08,1,3
258,107,2016-06-06,2016-06-07,2016-06-07,2,7
259,413,2016-06-06,2016-06-09,2016-06-09,2,7
260,632,2016-06-06,2016-06-08,2016-06-08,2,6
261,1045,2016-06-08,2016-06-10,2016-06-09,1,2
262,579,2016-06-08,2016-06-11,2016-06-10,3,9
263,1322,2016-06-09,2016-06-10,2016-06-12,2,6
264,5,2016-06-10,2016-06-10,NULL,1,3
265,682,2016-06-10,2016-06-12,2016-06-11,2,7
266,933,2016-06-10,2016-06-13,2016-06-13,2,7
267,282,2016-06-11,2016-06-14,2016-06-14,1,3
268,540,2016-06-11,2016-06-14,2016-06-12,1,3
269,764,2016-06-12,2016-06-13,2016-06-15,2,6
270,879,2016-06-12,2016-06-15,2016-06-13,2,7
271,350,2016-06-13,2016-06-16,2016-06-14,2,7
272,497,2016-06-15,2016-06-18,2016-06-16,2,7
273,1340,2016-06-16,2016-06-19,2016-06-17,2,7
274,411,2016-06-17,2016-06-20,2016-06-18,2,7
275,1341,2016-06-17,2016-06-19,2016-06-18,2,7
276,1227,2016-06-18,2016-06-19,2016-06-19,2,6
277,546,2016-06-19,2016-06-20,2016-06-20,2,7
278,1301,2016-06-20,2016-06-23,2016-06-21,1,3
279,378,2016-06-21,2016-06-22,2016-06-22,2,6
280,638,2016-06-21,2016-06-22,2016-06-23,2,7
281,800,2016-06-21,2016-06-22,2016-06-23,2,7
282,159,2016-06-22,2016-06-25,2016-06-25,3,9
283,181,2016-06-23,2016-06-26,2016-06-26,1,2
284,1356,2016-06-23,2016-06-25,2016-06-25,2,7
285,319,2016-06-25,2016-06-26,2016-06-27,1,2
286,59,2016-06-25,2016-06-26,2016-06-26,2,6
287,133,2016-06-25,2016-06-26,2016-06-27,2,6
288,780,2016-06-25,2016-06-28,2016-06-28,2,6
289,849,2016-06-27,2016-06-28,2016-06-30,2,6
290,202,2016-06-28,2016-06-29,2016-06-30,2,6
291,158,2016-06-29,2016-06-30,2016-07-01,2,6
292,360,2016-06-29,2016-06-30,2016-07-02,3,9
293,573,2016-06-30,2016-07-03,2016-07-02,2,7
294,732,2016-07-01,2016-07-02,2016-07-02,2,7
295,1130,2016-07-01,2016-07-04,2016-07-04,2,7
296,1245,2016-07-04,2016-07-07,2016-07-06,2,6
297,1425,2016-07-04,2016-07-05,2016-07-06,2,7
298,885,2016-07-04,2016-07-07,2016-07-07,3,9
299,281,2016-07-05,2016-07-06,2016-07-07,2,6
300,1205,2016-07-05,2016-07-08,2016-07-08,2,6
301,17,2016-07-06,2016-07-09,2016-07-08,2,6
302,1375,2016-07-06,2016-07-07,2016-07-09,2,6
303,36,2016-07-07,2016-07-08,2016-07-09,2,7
304,230,2016-07-07,2016-07-08,2016-07-08,2,6
305,705,2016-07-07,2016-07-08,2016-07-08,2,7
306,424,2016-07-09,2016-07-10,2016-07-12,2,7
307,695,2016-07-09,2016-07-11,2016-07-11,2,6
308,156,2016-07-11,2016-07-12,2016-07-14,2,6
309,211,2016-07-11,2016-07-13,2016-07-13,2,6
310,627,2016-07-12,2016-07-13,2016-07-13,1,2
311,1400,2016-07-12,2016-07-14,2016-07-13,2,6
312,299,2016-07-13,2016-07-15,2016-07-16,2,6
313,565,2016-07-14,2016-07-15,2016-07-15,3,9
314,1019,2016-07-15,2016-07-17,2016-07-17,2,7
315,1263,2016-07-16,2016-07-19,2016-07-17,2,6
316,670,2016-07-17,2016-07-20,2016-07-19,2,7
317,795,2016-07-17,2016-07-20,2016-07-19,2,7
318,1141,2016-07-17,2016-07-19,2016-07-20,2,7
319,941,2016-07-18,2016-07-21,2016-07-21,2,6
320,1428,2016-07-19,2016-07-20,2016-07-21,1,2
321,568,2016-07-19,2016-07-22,2016-07-21,2,6
322,924,2016-07-19,2016-07-22,2016-07-20,2,6
323,1243,2016-07-19,2016-07-22,2016-07-21,2,6
324,480,2016-07-20,2016-07-22,2016-07-23,2,6
325,848,2016-07-20,2016-07-21,2016-07-21,2,6
326,1337,2016-07-20,2016-07-21,2016-07-22,3,9
327,83,2016-07-21,2016-07-24,2016-07-22,2,6
328,528,2016-07-23,2016-07-26,2016-07-25,2,6
329,274,2016-07-24,2016-07-27,2016-07-26,2,6
330,622,2016-07-24,2016-07-27,2016-07-27,2,6
331,642,2016-07-24,2016-07-26,2016-07-25,2,6
332,659,2016-07-24,2016-07-26,2016-07-26,2,7
333,779,2016-07-25,2016-07-27,2016-07-26,2,6
334,1112,2016-07-25,2016-07-28,2016-07-27,2,7
335,1193,2016-07-25,2016-07-27,2016-07-26,2,6
336,1030,2016-07-26,2016-07-29,2016-07-27,2,7
337,1252,2016-07-26,2016-07-27,2016-07-28,2,7
338,1333,2016-07-28,2016-07-29,2016-07-30,1,3
339,1110,2016-07-28,2016-07-31,2016-07-29,2,7
340,963,2016-07-29,2016-07-30,2016-07-31,2,7
341,1357,2016-07-31,2016-08-03,2016-08-01,1,3
342,806,2016-07-31,2016-08-01,2016-08-03,2,7
343,961,2016-07-31,2016-08-02,2016-08-01,2,7
344,750,2016-08-01,2016-08-03,2016-08-02,2,6
345,1299,2016-08-01,2016-08-04,2016-08-03,2,6
346,584,2016-08-01,2016-08-03,2016-08-02,3,9
347,1004,2016-08-02,2016-08-03,2016-08-05,2,6
348,907,2016-08-02,2016-08-05,2016-08-04,3,9
349,30,2016-08-03,2016-08-03,NULL,1,3
350,31,2016-08-03,2016-08-03,NULL,1,3
351,1307,2016-08-03,2016-08-06,2016-08-04,1,2
352,16,2016-08-03,2016-08-04,2016-08-06,2,7
353,1387,2016-08-03,2016-08-06,2016-08-06,2,7
354,551,2016-08-03,2016-08-05,2016-08-06,3,8
355,1011,2016-08-03,2016-08-05,2016-08-05,3,8
356,1189,2016-08-04,2016-08-07,2016-08-06,2,6
357,14,2016-08-05,2016-08-05,NULL,3,8
358,1042,2016-08-05,2016-08-07,2016-08-07,2,7
359,441,2016-08-07,2016-08-10,2016-08-10,2,7
360,1300,2016-08-07,2016-08-09,2016-08-10,2,6
361,994,2016-08-08,2016-08-09,2016-08-11,2,6
362,187,2016-08-09,2016-08-11,2016-08-11,1,2
363,834,2016-08-11,2016-08-12,2016-08-13,3,8
364,373,2016-08-12,2016-08-14,2016-08-13,2,6
365,981,2016-08-13,2016-08-14,2016-08-15,2,6
366,1054,2016-08-13,2016-08-14,2016-08-14,3,9
367,527,2016-08-14,2016-08-15,2016-08-15,2,7
368,995,2016-08-14,2016-08-15,2016-08-17,2,7
369,1285,2016-08-15,2016-08-18,2016-08-18,1,3
370,758,2016-08-15,2016-08-18,2016-08-18,2,7
371,891,2016-08-15,2016-08-16,2016-08-18,2,7
372,132,2016-08-16,2016-08-18,2016-08-18,2,6
373,337,2016-08-16,2016-08-19,2016-08-17,2,7
374,1313,2016-08-17,2016-08-19,2016-08-18,1,2
375,536,2016-08-17,2016-08-20,2016-08-20,2,7
376,825,2016-08-17,2016-08-19,2016-08-18,2,6
377,1355,2016-08-17,2016-08-19,2016-08-20,2,6
378,475,2016-08-17,2016-08-20,2016-08-20,3,9
379,954,2016-08-18,2016-08-21,2016-08-21,2,7
380,1156,2016-08-19,2016-08-20,2016-08-21,2,7
381,1297,2016-08-19,2016-08-21,2016-08-21,2,7
382,199,2016-08-20,2016-08-23,2016-08-23,2,6
383,331,2016-08-20,2016-08-23,2016-08-22,2,7
384,410,2016-08-20,2016-08-22,2016-08-23,2,7
385,1274,2016-08-20,2016-08-23,2016-08-22,2,7
386,1362,2016-08-20,2016-08-23,2016-08-23,2,6
387,451,2016-08-20,2016-08-21,2016-08-21,3,8
388,1080,2016-08-21,2016-08-24,2016-08-23,3,8
389,53,2016-08-22,2016-08-24,2016-08-25,1,3
390,576,2016-08-22,2016-08-24,2016-08-25,3,9
391,61,2016-08-23,2016-08-23,NULL,3,9
392,176,2016-08-23,2016-08-26,2016-08-24,1,3
393,368,2016-08-25,2016-08-26,2016-08-27,2,6
394,522,2016-08-26,2016-08-28,2016-08-29,1,3
395,144,2016-08-26,2016-08-27,2016-08-29,2,6
396,542,2016-08-27,2016-08-30,2016-08-29,2,6
397,1437,2016-08-28,2016-08-31,2016-08-29,2,7
398,447,2016-08-29,2016-08-30,2016-09-01,1,2
399,1001,2016-08-29,2016-09-01,2016-09-01,2,7
400,1295,2016-08-29,2016-08-30,2016-08-31,2,6
401,103,2016-08-30,2016-09-02,2016-09-01,2,6
402,1335,2016-08-30,2016-09-01,2016-08-31,2,6
403,578,2016-08-31,2016-09-01,2016-09-02,1,3
404,396,2016-08-31,2016-09-03,2016-09-01,2,7
405,603,2016-08-31,2016-09-01,2016-09-01,2,6
406,1380,2016-08-31,2016-09-02,2016-09-01,2,7
407,77,2016-09-01,2016-09-01,NULL,3,8
408,1071,2016-09-01,2016-09-02,2016-09-02,1,2
409,416,2016-09-01,2016-09-04,2016-09-04,2,7
410,1151,2016-09-01,2016-09-03,2016-09-02,2,6
411,261,2016-09-02,2016-09-04,2016-09-04,1,3
412,1202,2016-09-02,2016-09-04,2016-09-04,1,3
413,717,2016-09-02,2016-09-05,2016-09-03,2,6
414,917,2016-09-03,2016-09-06,2016-09-06,2,7
415,1265,2016-09-03,2016-09-06,2016-09-06,2,7
416,1377,2016-09-03,2016-09-04,2016-09-06,2,7
417,359,2016-09-04,2016-09-05,2016-09-06,1,3
418,88,2016-09-04,2016-09-05,2016-09-05,2,6
419,14,2016-09-04,2016-09-07,2016-09-06,3,8
420,72,2016-09-05,2016-09-06,2016-09-07,1,3
421,240,2016-09-05,2016-09-06,2016-09-08,1,3
422,398,2016-09-06,2016-09-07,2016-09-09,2,6
423,1397,2016-09-06,2016-09-09,2016-09-09,2,7
424,67,2016-09-08,2016-09-11,2016-09-11,1,3
425,843,2016-09-08,2016-09-11,2016-09-11,2,6
426,944,2016-09-08,2016-09-10,2016-09-10,2,6
427,434,2016-09-09,2016-09-10,2016-09-11,1,2
428,1039,2016-09-09,2016-09-12,2016-09-10,2,6
429,153,2016-09-10,2016-09-12,2016-09-12,3,8
430,272,2016-09-11,2016-09-13,2016-09-12,2,6
431,1217,2016-09-11,2016-09-12,2016-09-12,2,6
432,169,2016-09-12,2016-09-15,2016-09-14,1,2
433,1062,2016-09-12,2016-09-15,2016-09-13,2,6
434,726,2016-09-13,2016-09-15,2016-09-14,2,6
435,77,2016-09-14,2016-09-15,2016-09-16,3,9
436,791,2016-09-16,2016-09-19,2016-09-19,2,7
437,1085,2016-09-16,2016-09-18,2016-09-18,2,7
438,314,2016-09-16,2016-09-19,2016-09-18,3,8
439,149,2016-09-17,2016-09-20,2016-09-18,2,6
440,882,2016-09-17,2016-09-18,2016-09-19,2,7
441,704,2016-09-18,2016-09-19,2016-09-19,1,2
442,667,2016-09-18,2016-09-21,2016-09-21,2,7
443,1371,2016-09-18,2016-09-19,2016-09-20,2,6
444,30,2016-09-19,2016-09-20,2016-09-21,1,2
445,362,2016-09-19,2016-09-22,2016-09-22,2,6
446,399,2016-09-19,2016-09-21,2016-09-20,2,7
447,808,2016-09-20,2016-09-23,2016-09-22,3,8
448,101,2016-09-21,2016-09-22,2016-09-24,2,6
449,492,2016-09-21,2016-09-24,2016-09-22,2,7
450,575,2016-09-21,2016-09-24,2016-09-23,2,7
451,1146,2016-09-21,2016-09-23,2016-09-22,2,7
452,997,2016-09-22,2016-09-23,2016-09-24,2,7
453,1028,2016-09-22,2016-09-24,2016-09-25,2,7
454,988,2016-09-23,2016-09-25,2016-09-26,2,6
455,1055,2016-09-23,2016-09-24,2016-09-24,2,7
456,1061,2016-09-23,2016-09-26,2016-09-25,3,9
457,1349,2016-09-24,2016-09-27,2016-09-27,1,3
458,197,2016-09-25,2016-09-28,2016-09-26,2,6
459,874,2016-09-25,2016-09-28,2016-09-26,2,6
460,691,2016-09-25,2016-09-27,2016-09-26,3,8
461,853,2016-09-26,2016-09-27,2016-09-27,2,7
462,852,2016-09-27,2016-09-28,2016-09-29,2,6
463,964,2016-09-27,2016-09-28,2016-09-28,3,8
464,74,2016-09-28,2016-09-30,2016-09-29,2,7
465,1198,2016-09-28,2016-10-01,2016-10-01,2,6
466,1440,2016-09-28,2016-09-29,2016-10-01,2,7
467,555,2016-09-28,2016-09-30,2016-09-30,3,8
468,1261,2016-09-29,2016-10-02,2016-09-30,1,3
469,1089,2016-09-29,2016-10-02,2016-10-02,2,7
470,641,2016-09-30,2016-10-02,2016-10-02,1,3
471,697,2016-09-30,2016-10-02,2016-10-01,1,3
472,468,2016-09-30,2016-10-01,2016-10-01,2,7
473,549,2016-09-30,2016-10-02,2016-10-03,2,7
474,553,2016-10-01,2016-10-04,2016-10-04,1,3
475,241,2016-10-01,2016-10-04,2016-10-03,2,7
476,559,2016-10-01,2016-10-04,2016-10-02,2,6
477,449,2016-10-02,2016-10-05,2016-10-04,1,2
478,304,2016-10-02,2016-10-05,2016-10-03,2,7
479,984,2016-10-03,2016-10-04,2016-10-04,2,6
480,686,2016-10-04,2016-10-07,2016-10-05,1,3
481,481,2016-10-04,2016-10-07,2016-10-06,3,9
482,513,2016-10-05,2016-10-06,2016-10-06,2,6
483,703,2016-10-06,2016-10-07,2016-10-09,1,2
484,421,2016-10-06,2016-10-09,2016-10-07,2,7
485,465,2016-10-06,2016-10-08,2016-10-07,2,7
486,709,2016-10-06,2016-10-08,2016-10-09,2,7
487,827,2016-10-06,2016-10-09,2016-10-09,2,6
488,921,2016-10-06,2016-10-09,2016-10-08,2,6
489,899,2016-10-06,2016-10-08,2016-10-08,3,8
490,876,2016-10-07,2016-10-10,2016-10-09,2,6
491,1048,2016-10-08,2016-10-10,2016-10-11,1,2
492,191,2016-10-09,2016-10-10,2016-10-12,1,2
493,796,2016-10-09,2016-10-12,2016-10-11,1,3
494,875,2016-10-09,2016-10-10,2016-10-11,2,6
495,712,2016-10-10,2016-10-12,2016-10-13,1,3
496,193,2016-10-10,2016-10-12,2016-10-11,2,6
497,785,2016-10-10,2016-10-11,2016-10-11,2,6
498,1331,2016-10-10,2016-10-12,2016-10-11,2,6
499,260,2016-10-11,2016-10-14,2016-10-13,1,2
500,148,2016-10-11,2016-10-12,2016-10-13,2,6
501,977,2016-10-11,2016-10-12,2016-10-13,2,7
502,401,2016-10-12,2016-10-13,2016-10-13,3,9
503,932,2016-10-13,2016-10-16,2016-10-14,2,6
504,1381,2016-10-14,2016-10-15,2016-10-15,1,2
505,721,2016-10-14,2016-10-16,2016-10-17,2,6
506,831,2016-10-14,2016-10-16,2016-10-16,2,6
507,1378,2016-10-15,2016-10-17,2016-10-17,1,3
508,1359,2016-10-15,2016-10-18,2016-10-18,2,6
509,235,2016-10-16,2016-10-17,2016-10-17,2,7
510,586,2016-10-17,2016-10-18,2016-10-18,2,7
511,377,2016-10-18,2016-10-20,2016-10-19,2,7
512,8,2016-10-19,2016-10-22,2016-10-20,2,7
513,155,2016-10-19,2016-10-21,2016-10-21,2,6
514,927,2016-10-19,2016-10-21,2016-10-20,2,7
515,986,2016-10-19,2016-10-20,2016-10-22,2,6
516,111,2016-10-21,2016-10-23,2016-10-24,2,6
517,613,2016-10-21,2016-10-22,2016-10-24,2,6
518,1374,2016-10-22,2016-10-24,2016-10-25,1,2
519,54,2016-10-22,2016-10-23,2016-10-24,2,7
520,639,2016-10-23,2016-10-26,2016-10-24,2,7
521,664,2016-10-23,2016-10-25,2016-10-25,2,6
522,724,2016-10-23,2016-10-24,2016-10-24,2,7
523,1056,2016-10-24,2016-10-26,2016-10-27,2,6
524,569,2016-10-25,2016-10-26,2016-10-27,1,2
525,1315,2016-10-26,2016-10-28,2016-10-29,1,3
526,1096,2016-10-26,2016-10-28,2016-10-28,2,6
527,506,2016-10-27,2016-10-29,2016-10-28,1,2
528,676,2016-10-28,2016-10-31,2016-10-31,2,7
529,753,2016-10-28,2016-10-30,2016-10-31,2,7
530,773,2016-10-28,2016-10-31,2016-10-31,2,6
531,116,2016-10-28,2016-10-29,2016-10-30,3,8
532,817,2016-10-29,2016-10-31,2016-10-30,2,7
533,1334,2016-10-29,2016-11-01,2016-11-01,2,6
534,1406,2016-10-29,2016-10-30,2016-10-31,2,7
535,835,2016-10-29,2016-10-31,2016-11-01,3,9
536,759,2016-10-31,2016-11-02,2016-11-01,1,3
537,1353,2016-10-31,2016-11-01,2016-11-03,1,2
538,341,2016-11-02,2016-11-05,2016-11-05,2,6
539,1144,2016-11-02,2016-11-04,2016-11-03,2,7
540,1429,2016-11-03,2016-11-05,2016-11-06,1,3
541,1228,2016-11-04,2016-11-07,2016-11-07,1,3
542,313,2016-11-04,2016-11-06,2016-11-05,2,7
543,62,2016-11-06,2016-11-09,2016-11-08,2,6
544,321,2016-11-06,2016-11-07,2016-11-08,2,7
545,1108,2016-11-08,2016-11-10,2016-11-09,3,9
546,470,2016-11-09,2016-11-12,2016-11-10,2,7
547,20,2016-11-09,2016-11-11,2016-11-10,3,8
548,739,2016-11-11,2016-11-13,2016-11-13,2,7
549,64,2016-11-12,2016-11-12,NULL,3,9
550,892,2016-11-12,2016-11-14,2016-11-15,2,7
551,1169,2016-11-12,2016-11-13,2016-11-13,2,6
552,1282,2016-11-12,2016-11-15,2016-11-13,2,7
553,913,2016-11-12,2016-11-13,2016-11-15,3,9
554,104,2016-11-13,2016-11-14,2016-11-16,1,3
555,212,2016-11-13,2016-11-14,2016-11-16,2,7
556,61,2016-11-13,2016-11-14,2016-11-15,3,9
557,1248,2016-11-14,2016-11-17,2016-11-15,2,6
558,1443,2016-11-15,2016-11-16,2016-11-17,2,7
559,959,2016-11-16,2016-11-17,2016-11-17,1,2
560,1405,2016-11-18,2016-11-19,2016-11-21,2,6
561,90,2016-11-19,2016-11-22,2016-11-22,2,6
562,942,2016-11-19,2016-11-20,2016-11-22,2,7
563,365,2016-11-20,2016-11-22,2016-11-21,2,6
564,1058,2016-11-20,2016-11-23,2016-11-22,2,7
565,894,2016-11-21,2016-11-22,2016-11-22,2,7
566,298,2016-11-22,2016-11-25,2016-11-23,1,3
567,1430,2016-11-22,2016-11-23,2016-11-23,1,2
568,1275,2016-11-23,2016-11-25,2016-11-24,1,3
569,707,2016-11-23,2016-11-24,2016-11-25,2,6
570,989,2016-11-23,2016-11-24,2016-11-25,2,6
571,5,2016-11-24,2016-11-25,2016-11-27,1,2
572,178,2016-11-24,2016-11-26,2016-11-26,2,6
573,423,2016-11-24,2016-11-26,2016-11-27,2,6
574,833,2016-11-26,2016-11-27,2016-11-29,2,7
575,33,2016-11-27,2016-11-28,2016-11-30,1,3
576,1272,2016-11-27,2016-11-30,2016-11-28,1,3
577,445,2016-11-27,2016-11-30,2016-11-29,2,6
578,819,2016-11-27,2016-11-28,2016-11-29,2,7
579,160,2016-11-27,2016-11-30,2016-11-29,3,8
580,581,2016-11-30,2016-12-02,2016-12-02,1,3
581,688,2016-12-03,2016-12-05,2016-12-06,1,3
582,32,2016-12-04,2016-12-04,NULL,1,2
583,792,2016-12-04,2016-12-05,2016-12-07,2,7
584,1209,2016-12-04,2016-12-05,2016-12-05,2,7
585,1219,2016-12-04,2016-12-05,2016-12-05,2,7
586,1306,2016-12-04,2016-12-06,2016-12-05,2,6
587,487,2016-12-06,2016-12-08,2016-12-08,1,2
588,102,2016-12-06,2016-12-07,2016-12-07,2,7
589,719,2016-12-06,2016-12-07,2016-12-07,2,7
590,990,2016-12-06,2016-12-09,2016-12-07,2,7
591,1211,2016-12-06,2016-12-09,2016-12-09,2,7
592,1232,2016-12-06,2016-12-08,2016-12-08,2,7
593,50,2016-12-07,2016-12-10,2016-12-08,3,8
594,1318,2016-12-07,2016-12-08,2016-12-08,3,8
595,538,2016-12-08,2016-12-09,2016-12-11,1,2
596,952,2016-12-08,2016-12-09,2016-12-09,1,3
597,1121,2016-12-08,2016-12-09,2016-12-10,2,6
598,40,2016-12-09,2016-12-09,NULL,1,3
599,1,2016-12-09,2016-12-10,2016-12-12,2,6
600,624,2016-12-09,2016-12-12,2016-12-11,2,7
601,683,2016-12-09,2016-12-10,2016-12-10,2,6
602,823,2016-12-09,2016-12-10,2016-12-11,2,6
603,1032,2016-12-09,2016-12-10,2016-12-10,2,7
604,96,2016-12-10,2016-12-13,2016-12-12,2,7
605,1208,2016-12-10,2016-12-11,2016-12-12,2,6
606,18,2016-12-11,2016-12-12,2016-12-13,2,7
607,309,2016-12-11,2016-12-14,2016-12-13,2,6
608,1103,2016-12-12,2016-12-15,2016-12-14,1,3
609,896,2016-12-12,2016-12-13,2016-12-14,2,7
610,711,2016-12-13,2016-12-15,2016-12-14,2,6
611,1073,2016-12-15,2016-12-17,2016-12-18,2,7
612,634,2016-12-16,2016-12-17,2016-12-17,2,7
613,1159,2016-12-17,2016-12-19,2016-12-19,2,7
614,654,2016-12-18,2016-12-21,2016-12-21,1,2
615,560,2016-12-19,2016-12-22,2016-12-21,3,9
616,1444,2016-12-20,2016-12-23,2016-12-23,2,6
617,118,2016-12-21,2016-12-23,2016-12-23,2,7
618,131,2016-12-21,2016-12-22,2016-12-22,2,6
619,454,2016-12-22,2016-12-25,2016-12-25,2,7
620,466,2016-12-22,2016-12-24,2016-12-24,2,6
621,1157,2016-12-23,2016-12-25,2016-12-24,2,6
622,1398,2016-12-23,2016-12-26,2016-12-25,2,7
623,678,2016-12-24,2016-12-26,2016-12-27,2,6
624,814,2016-12-24,2016-12-25,2016-12-27,2,6
625,1163,2016-12-25,2016-12-28,2016-12-26,1,2
626,130,2016-12-25,2016-12-28,2016-12-27,2,7
627,1119,2016-12-25,2016-12-26,2016-12-28,2,6
628,561,2016-12-26,2016-12-29,2016-12-27,1,3
629,973,2016-12-26,2016-12-27,2016-12-29,1,2
630,1404,2016-12-26,2016-12-27,2016-12-28,2,6
631,855,2016-12-27,2016-12-29,2016-12-29,1,3
632,163,2016-12-27,2016-12-29,2016-12-29,2,7
633,1040,2016-12-28,2016-12-31,2016-12-30,3,8
634,27,2016-12-29,2017-01-01,2016-12-30,2,6
635,520,2016-12-30,2017-01-02,2016-12-31,2,6
636,532,2017-01-03,2017-01-04,2017-01-05,1,2
637,512,2017-01-03,2017-01-05,2017-01-05,2,6
638,1302,2017-01-04,2017-01-05,2017-01-06,2,7
639,550,2017-01-06,2017-01-07,2017-01-07,2,6
640,1093,2017-01-06,2017-01-08,2017-01-07,2,6
641,673,2017-01-07,2017-01-10,2017-01-08,1,3
642,847,2017-01-07,2017-01-09,2017-01-10,2,7
643,901,2017-01-08,2017-01-09,2017-01-11,1,3
644,439,2017-01-08,2017-01-11,2017-01-10,2,6
645,1199,2017-01-08,2017-01-11,2017-01-10,2,6
646,975,2017-01-09,2017-01-12,2017-01-11,1,2
647,283,2017-01-09,2017-01-10,2017-01-11,2,7
648,684,2017-01-09,2017-01-11,2017-01-11,2,6
649,1153,2017-01-10,2017-01-11,2017-01-13,1,3
650,729,2017-01-11,2017-01-14,2017-01-12,1,2
651,190,2017-01-11,2017-01-13,2017-01-13,2,7
652,985,2017-01-12,2017-01-15,2017-01-13,3,9
653,1249,2017-01-14,2017-01-17,2017-01-15,1,2
654,1129,2017-01-14,2017-01-15,2017-01-17,2,7
655,347,2017-01-16,2017-01-17,2017-01-18,1,3
656,949,2017-01-16,2017-01-17,2017-01-18,2,7
657,349,2017-01-17,2017-01-19,2017-01-20,1,2
658,1051,2017-01-17,2017-01-18,2017-01-18,2,7
659,1391,2017-01-17,2017-01-19,2017-01-18,2,7
660,383,2017-01-18,2017-01-19,2017-01-19,2,7
661,626,2017-01-18,2017-01-19,2017-01-20,2,6
662,1125,2017-01-19,2017-01-20,2017-01-20,1,3
663,344,2017-01-20,2017-01-22,2017-01-23,1,3
664,681,2017-01-20,2017-01-23,2017-01-22,2,7
665,29,2017-01-21,2017-01-22,2017-01-23,2,6
666,770,2017-01-21,2017-01-22,2017-01-24,2,7
667,858,2017-01-22,2017-01-24,2017-01-25,2,7
668,297,2017-01-22,2017-01-23,2017-01-24,3,8
669,745,2017-01-23,2017-01-24,2017-01-26,2,7
670,361,2017-01-24,2017-01-25,2017-01-25,2,6
671,922,2017-01-25,2017-01-28,2017-01-26,2,7
672,908,2017-01-26,2017-01-29,2017-01-29,2,6
673,64,2017-01-26,2017-01-28,2017-01-27,3,9
674,733,2017-01-27,2017-01-28,2017-01-29,2,6
675,291,2017-01-28,2017-01-31,2017-01-30,2,7
676,790,2017-01-28,2017-01-30,2017-01-31,2,7
677,809,2017-01-28,2017-01-31,2017-01-30,2,7
678,250,2017-01-28,2017-01-29,2017-01-31,3,9
679,81,2017-01-29,2017-01-30,2017-01-30,1,3
680,245,2017-01-29,2017-02-01,2017-01-30,1,3
681,499,2017-01-29,2017-02-01,2017-01-31,2,7
682,614,2017-01-29,2017-01-30,2017-01-30,2,6
683,741,2017-01-29,2017-01-31,2017-02-01,2,6
684,762,2017-01-31,2017-02-01,2017-02-02,2,6
685,976,2017-01-31,2017-02-03,2017-02-02,2,7
686,380,2017-02-01,2017-02-03,2017-02-04,2,7
687,530,2017-02-02,2017-02-05,2017-02-04,1,3
688,343,2017-02-02,2017-02-03,2017-02-05,2,7
689,884,2017-02-02,2017-02-03,2017-02-05,2,7
690,1097,2017-02-03,2017-02-04,2017-02-06,1,2
691,1081,2017-02-04,2017-02-06,2017-02-06,2,7
692,2,2017-02-05,2017-02-05,NULL,1,3
693,1233,2017-02-05,2017-02-07,2017-02-06,1,3
694,58,2017-02-05,2017-02-06,2017-02-08,2,7
695,606,2017-02-05,2017-02-08,2017-02-07,2,7
696,1242,2017-02-05,2017-02-08,2017-02-08,2,7
697,562,2017-02-06,2017-02-08,2017-02-09,1,2
698,543,2017-02-06,2017-02-08,2017-02-09,3,8
699,958,2017-02-06,2017-02-08,2017-02-09,3,9
700,4,2017-02-07,2017-02-10,2017-02-08,2,6
701,850,2017-02-07,2017-02-08,2017-02-09,3,9
702,1352,2017-02-08,2017-02-09,2017-02-11,1,3
703,417,2017-02-08,2017-02-09,2017-02-09,2,7
704,1137,2017-02-08,2017-02-09,2017-02-11,2,6
705,1196,2017-02-08,2017-02-11,2017-02-11,2,7
706,1271,2017-02-09,2017-02-12,2017-02-10,1,2
707,79,2017-02-09,2017-02-11,2017-02-11,2,7
708,660,2017-02-10,2017-02-12,2017-02-11,1,2
709,1162,2017-02-11,2017-02-13,2017-02-12,2,6
710,295,2017-02-13,2017-02-15,2017-02-16,2,6
711,1246,2017-02-13,2017-02-16,2017-02-14,2,6
712,173,2017-02-13,2017-02-14,2017-02-16,3,9
713,207,2017-02-13,2017-02-14,2017-02-15,3,8
714,805,2017-02-14,2017-02-17,2017-02-15,2,7
715,12,2017-02-15,2017-02-15,NULL,2,6
716,672,2017-02-15,2017-02-17,2017-02-18,2,6
717,1312,2017-02-15,2017-02-18,2017-02-17,2,6
718,38,2017-02-16,2017-02-17,2017-02-17,2,7
719,200,2017-02-16,2017-02-19,2017-02-18,2,6
720,382,2017-02-16,2017-02-19,2017-02-19,2,6
721,625,2017-02-16,2017-02-19,2017-02-17,2,7
722,1399,2017-02-18,2017-02-20,2017-02-21,2,7
723,845,2017-02-19,2017-02-21,2017-02-22,2,6
724,864,2017-02-19,2017-02-22,2017-02-21,2,6
725,870,2017-02-19,2017-02-22,2017-02-22,2,7
726,969,2017-02-19,2017-02-22,2017-02-20,2,6
727,962,2017-02-19,2017-02-22,2017-02-21,3,9
728,1138,2017-02-20,2017-02-21,2017-02-23,1,3
729,897,2017-02-20,2017-02-22,2017-02-21,2,7
730,500,2017-02-21,2017-02-24,2017-02-22,2,6
731,910,2017-02-25,2017-02-27,2017-02-27,3,9
732,147,2017-02-26,2017-02-27,2017-03-01,2,7
733,832,2017-02-26,2017-03-01,2017-02-27,2,7
734,939,2017-02-26,2017-02-28,2017-03-01,3,9
735,20,2017-02-27,2017-02-27,NULL,3,9
736,184,2017-02-27,2017-02-28,2017-02-28,2,7
737,694,2017-02-27,2017-03-01,2017-02-28,2,6
738,124,2017-02-28,2017-03-01,2017-03-03,1,2
739,49,2017-02-28,2017-03-01,2017-03-02,2,6
740,1113,2017-02-28,2017-03-01,2017-03-02,2,6
741,119,2017-02-28,2017-03-01,2017-03-01,3,8
742,433,2017-02-28,2017-03-01,2017-03-01,3,9
743,137,2017-03-01,2017-03-04,2017-03-04,2,6
744,166,2017-03-01,2017-03-02,2017-03-02,2,7
745,698,2017-03-01,2017-03-03,2017-03-03,2,7
746,391,2017-03-02,2017-03-04,2017-03-05,1,3
747,87,2017-03-03,2017-03-04,2017-03-05,1,3
748,1072,2017-03-03,2017-03-05,2017-03-04,3,8
749,255,2017-03-04,2017-03-07,2017-03-05,2,7
750,232,2017-03-04,2017-03-07,2017-03-05,3,8
751,731,2017-03-05,2017-03-08,2017-03-07,1,3
752,335,2017-03-05,2017-03-06,2017-03-07,2,6
753,1201,2017-03-05,2017-03-08,2017-03-08,2,7
754,646,2017-03-06,2017-03-07,2017-03-08,1,2
755,531,2017-03-06,2017-03-07,2017-03-07,2,6
756,1143,2017-03-06,2017-03-07,2017-03-09,2,6
757,1336,2017-03-06,2017-03-08,2017-03-09,2,7
758,953,2017-03-06,2017-03-08,2017-03-07,3,9
759,284,2017-03-07,2017-03-09,2017-03-08,2,7
760,1104,2017-03-07,2017-03-10,2017-03-10,2,6
761,1291,2017-03-07,2017-03-08,2017-03-10,2,7
762,572,2017-03-08,2017-03-09,2017-03-09,2,6
763,842,2017-03-08,2017-03-10,2017-03-09,3,9
764,701,2017-03-09,2017-03-10,2017-03-12,1,2
765,1152,2017-03-09,2017-03-11,2017-03-12,1,2
766,141,2017-03-09,2017-03-11,2017-03-12,2,6
767,564,2017-03-09,2017-03-10,2017-03-11,2,7
768,841,2017-03-09,2017-03-12,2017-03-10,2,7
769,946,2017-03-09,2017-03-11,2017-03-11,2,6
770,135,2017-03-09,2017-03-11,2017-03-11,3,9
771,671,2017-03-11,2017-03-14,2017-03-12,1,3
772,448,2017-03-11,2017-03-12,2017-03-13,2,7
773,1385,2017-03-11,2017-03-12,2017-03-12,2,6
774,690,2017-03-12,2017-03-14,2017-03-14,2,6
775,968,2017-03-12,2017-03-13,2017-03-13,2,6
776,490,2017-03-13,2017-03-15,2017-03-16,2,6
777,496,2017-03-13,2017-03-16,2017-03-16,2,6
778,56,2017-03-15,2017-03-15,NULL,3,9
779,367,2017-03-15,2017-03-16,2017-03-18,2,6
780,592,2017-03-15,2017-03-17,2017-03-17,2,6
781,1018,2017-03-15,2017-03-16,2017-03-17,2,6
782,1298,2017-03-15,2017-03-16,2017-03-18,2,7
783,1343,2017-03-16,2017-03-19,2017-03-17,1,2
784,430,2017-03-16,2017-03-19,2017-03-19,2,7
785,794,2017-03-18,2017-03-19,2017-03-20,1,2
786,249,2017-03-18,2017-03-20,2017-03-19,2,6
787,700,2017-03-18,2017-03-20,2017-03-19,3,9
788,1363,2017-03-18,2017-03-20,2017-03-20,3,9
789,772,2017-03-19,2017-03-20,2017-03-20,2,6
790,1015,2017-03-19,2017-03-21,2017-03-22,2,7
791,432,2017-03-20,2017-03-22,2017-03-23,2,6
792,479,2017-03-22,2017-03-23,2017-03-24,2,6
793,653,2017-03-23,2017-03-24,2017-03-24,2,6
794,863,2017-03-23,2017-03-25,2017-03-24,2,7
795,992,2017-03-23,2017-03-25,2017-03-26,2,7
796,154,2017-03-23,2017-03-26,2017-03-25,3,9
797,374,2017-03-24,2017-03-26,2017-03-26,2,7
798,619,2017-03-26,2017-03-28,2017-03-29,1,3
799,607,2017-03-27,2017-03-28,2017-03-29,1,3
800,1057,2017-03-27,2017-03-29,2017-03-28,2,6
801,78,2017-03-28,2017-03-29,2017-03-30,1,2
802,340,2017-03-28,2017-03-29,2017-03-30,2,6
803,1105,2017-03-28,2017-03-31,2017-03-30,3,8
804,95,2017-03-29,2017-03-31,2017-03-30,2,6
805,420,2017-03-29,2017-03-30,2017-04-01,2,6
806,234,2017-03-30,2017-03-31,2017-03-31,2,7
807,1148,2017-03-30,2017-04-01,2017-04-02,2,6
808,315,2017-03-31,2017-04-02,2017-04-02,2,6
809,1222,2017-03-31,2017-04-03,2017-04-03,2,7
810,153,2017-04-01,2017-04-01,NULL,3,8
811,524,2017-04-01,2017-04-04,2017-04-04,2,7
812,1164,2017-04-01,2017-04-02,2017-04-03,2,7
813,1203,2017-04-01,2017-04-03,2017-04-02,3,9
814,629,2017-04-02,2017-04-05,2017-04-03,2,7
815,1251,2017-04-03,2017-04-05,2017-04-04,1,3
816,811,2017-04-03,2017-04-05,2017-04-05,2,6
817,301,2017-04-04,2017-04-05,2017-04-07,2,7
818,1319,2017-04-04,2017-04-07,2017-04-07,2,6
819,221,2017-04-04,2017-04-07,2017-04-05,3,9
820,725,2017-04-05,2017-04-08,2017-04-07,2,7
821,1181,2017-04-05,2017-04-07,2017-04-08,2,7
822,294,2017-04-06,2017-04-08,2017-04-09,2,7
823,415,2017-04-06,2017-04-07,2017-04-08,3,8
824,993,2017-04-07,2017-04-09,2017-04-10,1,2
825,10,2017-04-07,2017-04-08,2017-04-09,2,7
826,45,2017-04-07,2017-04-10,2017-04-10,2,6
827,666,2017-04-07,2017-04-10,2017-04-10,2,7
828,246,2017-04-09,2017-04-10,2017-04-12,2,6
829,674,2017-04-09,2017-04-10,2017-04-10,2,7
830,431,2017-04-11,2017-04-14,2017-04-12,2,6
831,1000,2017-04-11,2017-04-12,2017-04-12,2,7
832,1215,2017-04-11,2017-04-12,2017-04-12,2,7
833,406,2017-04-12,2017-04-14,2017-04-15,2,7
834,890,2017-04-12,2017-04-13,2017-04-15,2,6
835,940,2017-04-13,2017-04-15,2017-04-14,1,2
836,455,2017-04-13,2017-04-16,2017-04-14,2,6
837,948,2017-04-13,2017-04-16,2017-04-14,2,7
838,1395,2017-04-14,2017-04-17,2017-04-15,2,7
839,1332,2017-04-15,2017-04-18,2017-04-16,1,3
840,372,2017-04-15,2017-04-16,2017-04-16,2,6
841,428,2017-04-15,2017-04-18,2017-04-17,2,7
842,1133,2017-04-15,2017-04-18,2017-04-16,2,6
843,1059,2017-04-16,2017-04-17,2017-04-19,2,7
844,1436,2017-04-16,2017-04-17,2017-04-18,2,6
845,662,2017-04-17,2017-04-18,2017-04-18,2,7
846,715,2017-04-17,2017-04-19,2017-04-19,2,6
847,329,2017-04-18,2017-04-19,2017-04-19,2,7
848,597,2017-04-18,2017-04-20,2017-04-20,2,7
849,776,2017-04-19,2017-04-20,2017-04-21,1,2
850,1346,2017-04-19,2017-04-22,2017-04-22,1,3
851,1139,2017-04-20,2017-04-21,2017-04-22,2,6
852,13,2017-04-21,2017-04-23,2017-04-22,3,9
853,883,2017-04-21,2017-04-24,2017-04-24,3,8
854,177,2017-04-22,2017-04-25,2017-04-23,2,6
855,775,2017-04-22,2017-04-23,2017-04-25,2,6
856,477,2017-04-23,2017-04-25,2017-04-26,2,6
857,1402,2017-04-24,2017-04-25,2017-04-26,2,7
858,162,2017-04-25,2017-04-27,2017-04-28,2,6
859,644,2017-04-25,2017-04-26,2017-04-26,2,6
860,473,2017-04-27,2017-04-29,2017-04-28,2,7
861,1177,2017-04-27,2017-04-29,2017-04-30,2,7
862,1230,2017-04-27,2017-04-30,2017-04-29,3,8
863,446,2017-04-28,2017-04-30,2017-05-01,2,7
864,902,2017-04-28,2017-04-30,2017-04-29,2,6
865,974,2017-04-29,2017-05-02,2017-05-01,2,6
866,1410,2017-04-29,2017-04-30,2017-05-01,2,6
867,97,2017-05-01,2017-05-03,2017-05-02,1,3
868,868,2017-05-01,2017-05-04,2017-05-02,1,3
869,844,2017-05-01,2017-05-04,2017-05-02,2,7
870,1416,2017-05-01,2017-05-04,2017-05-02,2,6
871,358,2017-05-02,2017-05-04,2017-05-03,2,7
872,394,2017-05-03,2017-05-06,2017-05-06,1,3
873,829,2017-05-03,2017-05-05,2017-05-05,2,7
874,661,2017-05-04,2017-05-05,2017-05-06,2,7
875,386,2017-05-05,2017-05-06,2017-05-08,1,3
876,1046,2017-05-05,2017-05-08,2017-05-06,2,7
877,784,2017-05-06,2017-05-07,2017-05-08,2,6
878,224,2017-05-07,2017-05-10,2017-05-09,1,3
879,214,2017-05-08,2017-05-09,2017-05-09,2,7
880,1206,2017-05-08,2017-05-11,2017-05-10,2,6
881,1024,2017-05-08,2017-05-11,2017-05-11,3,9
882,196,2017-05-09,2017-05-12,2017-05-10,2,6
883,507,2017-05-11,2017-05-13,2017-05-14,2,6
884,871,2017-05-11,2017-05-13,2017-05-12,2,7
885,66,2017-05-13,2017-05-13,NULL,3,8
886,1396,2017-05-13,2017-05-14,2017-05-15,1,2
887,1195,2017-05-13,2017-05-15,2017-05-15,2,6
888,1038,2017-05-14,2017-05-16,2017-05-16,2,7
889,830,2017-05-14,2017-05-17,2017-05-15,3,8
890,171,2017-05-15,2017-05-18,2017-05-18,2,6
891,384,2017-05-15,2017-05-18,2017-05-16,2,6
892,651,2017-05-15,2017-05-18,2017-05-17,2,7
893,1293,2017-05-16,2017-05-19,2017-05-19,2,7
894,1320,2017-05-16,2017-05-19,2017-05-19,2,6
895,857,2017-05-18,2017-05-21,2017-05-19,2,6
896,376,2017-05-19,2017-05-22,2017-05-21,3,9
897,47,2017-05-20,2017-05-21,2017-05-21,1,2
898,352,2017-05-20,2017-05-21,2017-05-22,2,6
899,605,2017-05-20,2017-05-21,2017-05-21,2,7
900,971,2017-05-20,2017-05-21,2017-05-22,2,6
901,345,2017-05-21,2017-05-22,2017-05-24,2,7
902,1278,2017-05-21,2017-05-24,2017-05-22,2,6
903,179,2017-05-22,2017-05-23,2017-05-24,2,7
904,1020,2017-05-23,2017-05-26,2017-05-24,1,2
905,609,2017-05-23,2017-05-26,2017-05-24,2,6
906,877,2017-05-23,2017-05-26,2017-05-26,2,7
907,120,2017-05-24,2017-05-26,2017-05-27,1,2
908,402,2017-05-25,2017-05-28,2017-05-27,2,7
909,188,2017-05-26,2017-05-27,2017-05-28,1,2
910,342,2017-05-26,2017-05-28,2017-05-28,2,7
911,887,2017-05-26,2017-05-29,2017-05-29,2,6
912,519,2017-05-27,2017-05-29,2017-05-29,1,2
913,699,2017-05-27,2017-05-29,2017-05-29,2,6
914,1068,2017-05-28,2017-05-31,2017-05-31,1,2
915,215,2017-05-28,2017-05-30,2017-05-30,2,6
916,718,2017-05-28,2017-05-29,2017-05-29,2,6
917,881,2017-05-29,2017-05-31,2017-06-01,1,2
918,242,2017-05-30,2017-05-31,2017-05-31,1,3
919,781,2017-05-30,2017-05-31,2017-05-31,2,7
920,966,2017-05-30,2017-06-01,2017-06-02,2,7
921,628,2017-05-31,2017-06-02,2017-06-02,2,6
922,656,2017-05-31,2017-06-01,2017-06-03,2,6
923,769,2017-05-31,2017-06-03,2017-06-02,2,7
924,68,2017-06-02,2017-06-02,NULL,3,8
925,1316,2017-06-02,2017-06-05,2017-06-03,2,7
926,233,2017-06-03,2017-06-05,2017-06-06,1,2
927,1438,2017-06-03,2017-06-05,2017-06-06,1,2
928,957,2017-06-05,2017-06-06,2017-06-06,1,3
929,472,2017-06-05,2017-06-06,2017-06-08,2,6
930,1224,2017-06-05,2017-06-06,2017-06-06,3,9
931,631,2017-06-07,2017-06-08,2017-06-08,2,6
932,804,2017-06-07,2017-06-08,2017-06-09,2,6
933,909,2017-06-07,2017-06-10,2017-06-08,2,6
934,93,2017-06-09,2017-06-10,2017-06-12,2,7
935,43,2017-06-10,2017-06-10,NULL,3,8
936,265,2017-06-10,2017-06-13,2017-06-12,2,6
937,73,2017-06-11,2017-06-14,2017-06-13,2,7
938,129,2017-06-11,2017-06-12,2017-06-12,2,6
939,1407,2017-06-11,2017-06-12,2017-06-14,2,6
940,585,2017-06-12,2017-06-14,2017-06-13,1,2
941,736,2017-06-12,2017-06-14,2017-06-14,1,2
942,537,2017-06-13,2017-06-16,2017-06-15,2,6
943,1025,2017-06-13,2017-06-15,2017-06-15,2,6
944,138,2017-06-14,2017-06-15,2017-06-17,1,3
945,167,2017-06-14,2017-06-15,2017-06-16,2,7
946,525,2017-06-14,2017-06-16,2017-06-15,2,6
947,278,2017-06-15,2017-06-18,2017-06-17,1,3
948,618,2017-06-15,2017-06-17,2017-06-17,2,6
949,867,2017-06-16,2017-06-18,2017-06-17,1,3
950,142,2017-06-16,2017-06-19,2017-06-18,2,6
951,339,2017-06-16,2017-06-19,2017-06-19,2,7
952,355,2017-06-16,2017-06-18,2017-06-18,2,7
953,658,2017-06-16,2017-06-18,2017-06-17,2,7
954,611,2017-06-17,2017-06-20,2017-06-20,2,6
955,880,2017-06-17,2017-06-19,2017-06-18,2,6
956,1184,2017-06-17,2017-06-19,2017-06-20,2,6
957,722,2017-06-17,2017-06-20,2017-06-20,3,9
958,1276,2017-06-18,2017-06-20,2017-06-19,1,2
959,650,2017-06-18,2017-06-21,2017-06-21,2,7
960,1390,2017-06-18,2017-06-19,2017-06-19,2,7
961,82,2017-06-19,2017-06-21,2017-06-22,1,2
962,570,2017-06-19,2017-06-22,2017-06-20,2,7
963,1432,2017-06-19,2017-06-21,2017-06-21,2,6
964,404,2017-06-20,2017-06-22,2017-06-22,2,7
965,457,2017-06-20,2017-06-22,2017-06-23,2,6
966,389,2017-06-20,2017-06-22,2017-06-22,3,8
967,1323,2017-06-21,2017-06-24,2017-06-24,2,6
968,1403,2017-06-21,2017-06-23,2017-06-23,2,6
969,248,2017-06-21,2017-06-24,2017-06-22,3,9
970,836,2017-06-22,2017-06-25,2017-06-23,2,7
971,1426,2017-06-22,2017-06-23,2017-06-24,3,8
972,270,2017-06-23,2017-06-24,2017-06-25,2,7
973,238,2017-06-24,2017-06-27,2017-06-27,2,6
974,511,2017-06-24,2017-06-27,2017-06-27,3,8
975,1092,2017-06-25,2017-06-27,2017-06-28,2,6
976,1266,2017-06-25,2017-06-28,2017-06-27,3,9
977,400,2017-06-26,2017-06-28,2017-06-27,2,7
978,1123,2017-06-26,2017-06-28,2017-06-27,2,6
979,1190,2017-06-26,2017-06-29,2017-06-27,2,6
980,328,2017-06-26,2017-06-28,2017-06-27,3,9
981,687,2017-06-26,2017-06-29,2017-06-28,3,8
982,1423,2017-06-26,2017-06-29,2017-06-28,3,9
983,1158,2017-06-27,2017-06-28,2017-06-29,2,6
984,1287,2017-06-27,2017-06-28,2017-06-29,2,7
985,461,2017-06-30,2017-07-02,2017-07-01,2,6
986,556,2017-06-30,2017-07-03,2017-07-01,2,7
987,172,2017-07-02,2017-07-04,2017-07-04,1,2
988,436,2017-07-02,2017-07-04,2017-07-05,2,6
989,1145,2017-07-02,2017-07-04,2017-07-03,2,6
990,706,2017-07-04,2017-07-07,2017-07-07,2,7
991,751,2017-07-06,2017-07-07,2017-07-09,1,2
992,723,2017-07-07,2017-07-10,2017-07-09,2,7
993,1415,2017-07-09,2017-07-11,2017-07-11,1,3
994,419,2017-07-09,2017-07-11,2017-07-11,2,7
995,621,2017-07-11,2017-07-13,2017-07-14,1,2
996,915,2017-07-11,2017-07-12,2017-07-12,1,2
997,485,2017-07-11,2017-07-13,2017-07-14,2,7
998,219,2017-07-12,2017-07-13,2017-07-14,2,7
999,590,2017-07-12,2017-07-13,2017-07-14,2,6
1000,645,2017-07-12,2017-07-14,2017-07-15,2,7
1001,354,2017-07-13,2017-07-16,2017-07-15,2,6
1002,1418,2017-07-14,2017-07-16,2017-07-16,1,3
1003,503,2017-07-14,2017-07-16,2017-07-16,2,7
1004,1389,2017-07-14,2017-07-17,2017-07-16,2,6
1005,266,2017-07-15,2017-07-17,2017-07-16,2,7
1006,1070,2017-07-15,2017-07-18,2017-07-17,2,7
1007,1115,2017-07-16,2017-07-17,2017-07-17,2,6
1008,1345,2017-07-16,2017-07-18,2017-07-18,2,6
1009,1064,2017-07-16,2017-07-19,2017-07-19,3,8
1010,8,2017-07-18,2017-07-18,NULL,2,7
1011,495,2017-07-18,2017-07-21,2017-07-21,1,3
1012,620,2017-07-18,2017-07-20,2017-07-20,2,7
1013,174,2017-07-19,2017-07-22,2017-07-21,2,6
1014,748,2017-07-19,2017-07-21,2017-07-21,2,6
1015,799,2017-07-19,2017-07-22,2017-07-21,2,7
1016,1417,2017-07-19,2017-07-20,2017-07-21,3,9
1017,168,2017-07-20,2017-07-21,2017-07-23,2,6
1018,290,2017-07-22,2017-07-23,2017-07-23,2,6
1019,408,2017-07-22,2017-07-23,2017-07-24,2,7
1020,16,2017-07-23,2017-07-23,NULL,2,6
1021,125,2017-07-23,2017-07-24,2017-07-26,2,6
1022,353,2017-07-23,2017-07-26,2017-07-24,2,7
1023,356,2017-07-23,2017-07-26,2017-07-25,2,6
1024,837,2017-07-23,2017-07-25,2017-07-26,2,7
1025,1304,2017-07-23,2017-07-26,2017-07-26,2,6
1026,1370,2017-07-26,2017-07-28,2017-07-29,1,2
1027,588,2017-07-26,2017-07-28,2017-07-28,2,6
1028,1273,2017-07-27,2017-07-28,2017-07-30,2,7
1029,407,2017-07-29,2017-07-30,2017-08-01,1,3
1030,161,2017-07-29,2017-07-30,2017-07-31,2,6
1031,1308,2017-07-30,2017-08-01,2017-08-02,1,2
1032,429,2017-07-30,2017-08-02,2017-08-01,2,6
1033,582,2017-07-30,2017-07-31,2017-08-02,2,7
1034,895,2017-07-30,2017-07-31,2017-07-31,2,7
1035,1283,2017-07-30,2017-08-02,2017-08-02,2,6
1036,1442,2017-07-30,2017-08-01,2017-07-31,2,6
1037,1229,2017-07-31,2017-08-02,2017-08-03,2,6
1038,1281,2017-07-31,2017-08-01,2017-08-03,2,7
1039,1077,2017-08-02,2017-08-04,2017-08-03,2,7
1040,1225,2017-08-04,2017-08-07,2017-08-05,1,2
1041,70,2017-08-04,2017-08-06,2017-08-05,2,7
1042,539,2017-08-06,2017-08-07,2017-08-07,2,7
1043,1235,2017-08-06,2017-08-09,2017-08-08,2,6
1044,1270,2017-08-07,2017-08-10,2017-08-08,2,7
1045,185,2017-08-07,2017-08-09,2017-08-10,3,9
1046,1134,2017-08-07,2017-08-09,2017-08-08,3,8
1047,116,2017-08-08,2017-08-08,NULL,3,8
1048,777,2017-08-08,2017-08-10,2017-08-09,2,7
1049,194,2017-08-09,2017-08-11,2017-08-10,1,2
1050,239,2017-08-09,2017-08-12,2017-08-12,1,3
1051,209,2017-08-10,2017-08-11,2017-08-11,2,7
1052,460,2017-08-10,2017-08-12,2017-08-13,2,6
1053,1439,2017-08-10,2017-08-11,2017-08-12,2,6
1054,189,2017-08-11,2017-08-12,2017-08-12,2,7
1055,140,2017-08-12,2017-08-15,2017-08-15,2,6
1056,325,2017-08-12,2017-08-15,2017-08-13,2,7
1057,456,2017-08-12,2017-08-15,2017-08-13,2,7
1058,782,2017-08-13,2017-08-16,2017-08-14,2,6
1059,6,2017-08-14,2017-08-17,2017-08-17,2,7
1060,182,2017-08-15,2017-08-18,2017-08-17,2,6
1061,655,2017-08-15,2017-08-18,2017-08-18,2,7
1062,1210,2017-08-15,2017-08-17,2017-08-18,2,6
1063,198,2017-08-16,2017-08-19,2017-08-19,3,8
1064,898,2017-08-16,2017-08-18,2017-08-19,3,9
1065,25,2017-08-17,2017-08-19,2017-08-19,2,7
1066,106,2017-08-17,2017-08-20,2017-08-19,2,7
1067,225,2017-08-17,2017-08-19,2017-08-19,2,7
1068,453,2017-08-17,2017-08-20,2017-08-19,2,7
1069,493,2017-08-17,2017-08-19,2017-08-18,2,6
1070,596,2017-08-17,2017-08-20,2017-08-18,2,7
1071,602,2017-08-17,2017-08-20,2017-08-18,3,8
1072,47,2017-08-18,2017-08-18,NULL,1,3
1073,911,2017-08-18,2017-08-19,2017-08-21,2,7
1074,11,2017-08-19,2017-08-19,NULL,2,6
1075,1003,2017-08-19,2017-08-21,2017-08-22,1,3
1076,42,2017-08-19,2017-08-22,2017-08-22,2,6
1077,412,2017-08-19,2017-08-20,2017-08-21,2,6
1078,793,2017-08-19,2017-08-21,2017-08-20,2,6
1079,812,2017-08-19,2017-08-20,2017-08-20,2,7
1080,1086,2017-08-19,2017-08-20,2017-08-20,2,7
1081,1106,2017-08-19,2017-08-22,2017-08-22,2,6
1082,1327,2017-08-20,2017-08-22,2017-08-21,2,6
1083,1372,2017-08-20,2017-08-23,2017-08-23,2,6
1084,2,2017-08-21,2017-08-24,2017-08-23,1,2
1085,305,2017-08-21,2017-08-23,2017-08-23,1,3
1086,220,2017-08-21,2017-08-23,2017-08-24,2,7
1087,675,2017-08-22,2017-08-23,2017-08-25,3,8
1088,1160,2017-08-22,2017-08-23,2017-08-23,3,8
1089,46,2017-08-23,2017-08-23,NULL,1,2
1090,1427,2017-08-24,2017-08-26,2017-08-26,1,2
1091,1260,2017-08-24,2017-08-25,2017-08-25,2,7
1092,40,2017-08-25,2017-08-28,2017-08-27,1,2
1093,326,2017-08-25,2017-08-28,2017-08-26,1,3
1094,828,2017-08-25,2017-08-27,2017-08-28,2,6
1095,1382,2017-08-26,2017-08-28,2017-08-27,3,9
1096,589,2017-08-27,2017-08-29,2017-08-29,1,2
1097,1311,2017-08-27,2017-08-30,2017-08-28,2,6
1098,752,2017-08-28,2017-08-30,2017-08-30,1,2
1099,1128,2017-08-28,2017-08-29,2017-08-30,2,6
1100,1392,2017-08-28,2017-08-29,2017-08-29,2,7
1101,379,2017-08-29,2017-08-30,2017-08-30,2,7
1102,1317,2017-08-29,2017-08-31,2017-08-31,2,6
1103,1394,2017-08-31,2017-09-02,2017-09-02,2,7
1104,268,2017-09-01,2017-09-04,2017-09-03,2,6
1105,747,2017-09-01,2017-09-04,2017-09-03,3,8
1106,1009,2017-09-02,2017-09-04,2017-09-04,2,6
1107,1424,2017-09-02,2017-09-05,2017-09-05,2,7
1108,735,2017-09-03,2017-09-05,2017-09-04,1,3
1109,23,2017-09-03,2017-09-04,2017-09-04,2,6
1110,912,2017-09-04,2017-09-07,2017-09-07,2,6
1111,930,2017-09-04,2017-09-06,2017-09-05,2,6
1112,798,2017-09-05,2017-09-08,2017-09-07,2,7
1113,388,2017-09-06,2017-09-08,2017-09-07,2,7
1114,1036,2017-09-06,2017-09-08,2017-09-08,2,6
1115,1100,2017-09-07,2017-09-09,2017-09-09,2,6
1116,52,2017-09-08,2017-09-10,2017-09-10,2,7
1117,334,2017-09-08,2017-09-10,2017-09-10,2,6
1118,1023,2017-09-08,2017-09-11,2017-09-11,2,6
1119,749,2017-09-10,2017-09-12,2017-09-13,1,2
1120,1269,2017-09-10,2017-09-12,2017-09-13,2,7
1121,143,2017-09-11,2017-09-13,2017-09-12,2,7
1122,1132,2017-09-12,2017-09-14,2017-09-14,2,6
1123,598,2017-09-13,2017-09-14,2017-09-14,2,7
1124,275,2017-09-13,2017-09-14,2017-09-16,3,9
1125,945,2017-09-14,2017-09-15,2017-09-15,2,7
1126,1213,2017-09-14,2017-09-16,2017-09-15,3,8
1127,494,2017-09-15,2017-09-16,2017-09-16,2,7
1128,936,2017-09-15,2017-09-17,2017-09-16,2,6
1129,663,2017-09-17,2017-09-18,2017-09-20,2,6
1130,69,2017-09-18,2017-09-20,2017-09-20,1,3
1131,1178,2017-09-18,2017-09-20,2017-09-19,1,3
1132,351,2017-09-19,2017-09-20,2017-09-20,2,6
1133,517,2017-09-19,2017-09-21,2017-09-21,2,7
1134,978,2017-09-19,2017-09-22,2017-09-20,2,6
1135,1347,2017-09-19,2017-09-21,2017-09-20,2,6
1136,1050,2017-09-20,2017-09-21,2017-09-21,2,6
1137,810,2017-09-20,2017-09-23,2017-09-23,3,8
1138,254,2017-09-21,2017-09-23,2017-09-22,1,2
1139,1006,2017-09-21,2017-09-22,2017-09-23,1,2
1140,1063,2017-09-21,2017-09-22,2017-09-22,3,8
1141,1076,2017-09-22,2017-09-23,2017-09-24,1,2
1142,554,2017-09-23,2017-09-26,2017-09-26,1,3
1143,1087,2017-09-24,2017-09-26,2017-09-27,1,2
1144,1414,2017-09-24,2017-09-27,2017-09-27,2,7
1145,617,2017-09-25,2017-09-27,2017-09-26,2,6
1146,757,2017-09-25,2017-09-26,2017-09-28,2,7
1147,1344,2017-09-25,2017-09-26,2017-09-27,2,6
1148,1379,2017-09-25,2017-09-26,2017-09-27,2,7
1149,787,2017-09-27,2017-09-30,2017-09-30,2,7
1150,1183,2017-09-28,2017-10-01,2017-09-30,2,7
1151,708,2017-09-29,2017-09-30,2017-09-30,1,3
1152,1244,2017-09-29,2017-10-02,2017-10-01,2,6
1153,720,2017-09-30,2017-10-03,2017-10-03,2,7
1154,789,2017-09-30,2017-10-03,2017-10-03,2,7
1155,865,2017-09-30,2017-10-01,2017-10-01,2,7
1156,869,2017-09-30,2017-10-03,2017-10-03,2,7
1157,24,2017-10-01,2017-10-03,2017-10-04,1,3
1158,889,2017-10-01,2017-10-03,2017-10-02,1,2
1159,1221,2017-10-01,2017-10-02,2017-10-03,1,3
1160,1262,2017-10-01,2017-10-02,2017-10-04,1,2
1161,41,2017-10-01,2017-10-04,2017-10-02,2,7
1162,888,2017-10-01,2017-10-03,2017-10-03,2,6
1163,934,2017-10-01,2017-10-02,2017-10-02,2,6
1164,1067,2017-10-01,2017-10-02,2017-10-03,2,6
1165,652,2017-10-02,2017-10-03,2017-10-05,2,7
1166,286,2017-10-03,2017-10-04,2017-10-04,2,7
1167,900,2017-10-04,2017-10-07,2017-10-06,1,2
1168,1031,2017-10-04,2017-10-05,2017-10-06,2,6
1169,1421,2017-10-04,2017-10-06,2017-10-07,2,7
1170,534,2017-10-05,2017-10-07,2017-10-06,2,6
1171,826,2017-10-05,2017-10-06,2017-10-08,2,6
1172,1339,2017-10-07,2017-10-10,2017-10-09,2,7
1173,548,2017-10-08,2017-10-10,2017-10-09,2,7
1174,1109,2017-10-08,2017-10-10,2017-10-11,2,6
1175,292,2017-10-09,2017-10-11,2017-10-12,2,6
1176,1111,2017-10-10,2017-10-13,2017-10-11,3,9
1177,21,2017-10-12,2017-10-12,NULL,3,9
1178,771,2017-10-12,2017-10-15,2017-10-13,2,6
1179,1150,2017-10-12,2017-10-15,2017-10-15,3,9
1180,1065,2017-10-13,2017-10-16,2017-10-16,1,3
1181,1022,2017-10-13,2017-10-16,2017-10-15,2,7
1182,1422,2017-10-13,2017-10-14,2017-10-16,2,7
1183,216,2017-10-14,2017-10-17,2017-10-17,2,6
1184,369,2017-10-14,2017-10-15,2017-10-16,2,6
1185,960,2017-10-14,2017-10-16,2017-10-17,2,6
1186,1120,2017-10-14,2017-10-16,2017-10-15,2,6
1187,486,2017-10-15,2017-10-18,2017-10-16,2,6
1188,647,2017-10-15,2017-10-18,2017-10-17,2,7
1189,1090,2017-10-15,2017-10-17,2017-10-18,2,6
1190,34,2017-10-16,2017-10-19,2017-10-17,2,6
1191,186,2017-10-17,2017-10-18,2017-10-18,2,6
1192,1114,2017-10-17,2017-10-19,2017-10-18,2,6
1193,1412,2017-10-17,2017-10-19,2017-10-19,2,7
1194,192,2017-10-19,2017-10-22,2017-10-22,1,2
1195,229,2017-10-19,2017-10-21,2017-10-21,2,7
1196,508,2017-10-19,2017-10-21,2017-10-20,2,6
1197,269,2017-10-21,2017-10-23,2017-10-23,2,6
1198,1289,2017-10-22,2017-10-24,2017-10-24,2,7
1199,318,2017-10-23,2017-10-24,2017-10-26,1,2
1200,48,2017-10-23,2017-10-25,2017-10-26,2,6
1201,201,2017-10-23,2017-10-24,2017-10-24,2,6
1202,593,2017-10-24,2017-10-25,2017-10-25,2,6
1203,1191,2017-10-25,2017-10-27,2017-10-26,2,7
1204,1277,2017-10-25,2017-10-28,2017-10-28,2,6
1205,1091,2017-10-26,2017-10-28,2017-10-28,1,2
1206,222,2017-10-26,2017-10-29,2017-10-29,2,6
1207,1002,2017-10-26,2017-10-28,2017-10-27,2,6
1208,1226,2017-10-26,2017-10-28,2017-10-27,2,7
1209,1342,2017-10-26,2017-10-27,2017-10-29,2,7
1210,730,2017-10-26,2017-10-27,2017-10-29,3,8
1211,19,2017-10-27,2017-10-28,2017-10-29,2,7
1212,213,2017-10-27,2017-10-30,2017-10-29,2,6
1213,669,2017-10-27,2017-10-29,2017-10-29,3,9
1214,783,2017-10-28,2017-10-29,2017-10-29,2,6
1215,807,2017-10-28,2017-10-31,2017-10-30,2,7
1216,886,2017-10-28,2017-10-30,2017-10-29,2,7
1217,1155,2017-10-28,2017-10-31,2017-10-30,2,7
1218,1017,2017-10-30,2017-11-01,2017-10-31,1,2
1219,840,2017-10-30,2017-11-02,2017-11-02,2,7
1220,803,2017-10-31,2017-11-03,2017-11-03,2,6
1221,1290,2017-10-31,2017-11-02,2017-11-01,2,7
1222,482,2017-11-01,2017-11-04,2017-11-03,3,9
1223,1207,2017-11-02,2017-11-03,2017-11-03,2,6
1224,544,2017-11-03,2017-11-04,2017-11-04,2,6
1225,768,2017-11-04,2017-11-05,2017-11-07,1,2
1226,226,2017-11-04,2017-11-07,2017-11-06,2,7
1227,702,2017-11-04,2017-11-07,2017-11-06,2,6
1228,1041,2017-11-04,2017-11-06,2017-11-06,2,6
1229,89,2017-11-05,2017-11-08,2017-11-06,1,3
1230,1107,2017-11-05,2017-11-06,2017-11-07,2,6
1231,1180,2017-11-05,2017-11-07,2017-11-06,2,6
1232,665,2017-11-06,2017-11-07,2017-11-09,1,3
1233,462,2017-11-06,2017-11-07,2017-11-08,2,6
1234,19,2017-11-07,2017-11-07,NULL,2,6
1235,210,2017-11-07,2017-11-08,2017-11-09,2,6
1236,243,2017-11-08,2017-11-11,2017-11-09,2,7
1237,571,2017-11-09,2017-11-12,2017-11-11,1,2
1238,998,2017-11-09,2017-11-10,2017-11-11,2,6
1239,1197,2017-11-09,2017-11-10,2017-11-11,2,7
1240,903,2017-11-10,2017-11-11,2017-11-11,2,7
1241,1170,2017-11-10,2017-11-12,2017-11-11,2,7
1242,303,2017-11-11,2017-11-12,2017-11-12,2,6
1243,346,2017-11-11,2017-11-13,2017-11-14,2,6
1244,333,2017-11-12,2017-11-14,2017-11-13,2,6
1245,1166,2017-11-13,2017-11-16,2017-11-14,2,7
1246,1329,2017-11-13,2017-11-16,2017-11-16,2,7
1247,426,2017-11-16,2017-11-18,2017-11-17,1,2
1248,1367,2017-11-16,2017-11-17,2017-11-18,1,3
1249,545,2017-11-17,2017-11-18,2017-11-20,2,6
1250,1188,2017-11-17,2017-11-19,2017-11-18,2,6
1251,289,2017-11-17,2017-11-19,2017-11-19,3,9
1252,110,2017-11-18,2017-11-20,2017-11-21,1,3
1253,44,2017-11-18,2017-11-21,2017-11-21,2,6
1254,1098,2017-11-18,2017-11-19,2017-11-19,2,7
1255,375,2017-11-19,2017-11-20,2017-11-21,2,6
1256,458,2017-11-19,2017-11-20,2017-11-22,2,6
1257,1136,2017-11-19,2017-11-22,2017-11-20,2,7
1258,1099,2017-11-20,2017-11-21,2017-11-22,2,7
1259,4,2017-11-21,2017-11-21,NULL,2,7
1260,1117,2017-11-22,2017-11-23,2017-11-24,2,6
1261,435,2017-11-23,2017-11-25,2017-11-24,2,7
1262,509,2017-11-23,2017-11-26,2017-11-26,2,6
1263,1408,2017-11-23,2017-11-26,2017-11-26,2,6
1264,113,2017-11-24,2017-11-27,2017-11-25,2,6
1265,950,2017-11-24,2017-11-27,2017-11-27,2,7
1266,387,2017-11-25,2017-11-28,2017-11-27,2,6
1267,467,2017-11-25,2017-11-26,2017-11-26,2,6
1268,774,2017-11-26,2017-11-28,2017-11-29,1,3
1269,1236,2017-11-26,2017-11-29,2017-11-29,2,6
1270,1388,2017-11-26,2017-11-29,2017-11-29,2,6
1271,734,2017-11-27,2017-11-30,2017-11-30,2,6
1272,935,2017-11-27,2017-11-29,2017-11-30,2,6
1273,1268,2017-11-27,2017-11-29,2017-11-29,2,6
1274,1364,2017-11-28,2017-11-29,2017-12-01,2,7
1275,165,2017-11-29,2017-12-01,2017-11-30,1,2
1276,893,2017-11-30,2017-12-03,2017-12-02,2,6
1277,227,2017-12-01,2017-12-04,2017-12-02,2,6
1278,980,2017-12-01,2017-12-02,2017-12-04,2,7
1279,1014,2017-12-01,2017-12-04,2017-12-03,2,6
1280,123,2017-12-01,2017-12-03,2017-12-03,3,9
1281,1060,2017-12-02,2017-12-05,2017-12-05,2,6
1282,320,2017-12-03,2017-12-05,2017-12-05,2,6
1283,85,2017-12-04,2017-12-07,2017-12-07,2,7
1284,128,2017-12-04,2017-12-06,2017-12-07,2,7
1285,262,2017-12-04,2017-12-07,2017-12-07,2,7
1286,1033,2017-12-04,2017-12-07,2017-12-06,2,7
1287,279,2017-12-07,2017-12-10,2017-12-09,1,3
1288,778,2017-12-07,2017-12-10,2017-12-09,3,9
1289,1292,2017-12-08,2017-12-11,2017-12-10,1,3
1290,967,2017-12-08,2017-12-10,2017-12-10,2,6
1291,1284,2017-12-09,2017-12-11,2017-12-12,2,6
1292,285,2017-12-10,2017-12-13,2017-12-11,2,6
1293,1401,2017-12-10,2017-12-12,2017-12-11,2,7
1294,947,2017-12-11,2017-12-13,2017-12-14,1,2
1295,37,2017-12-11,2017-12-12,2017-12-14,2,7
1296,231,2017-12-14,2017-12-17,2017-12-15,1,3
1297,108,2017-12-14,2017-12-17,2017-12-16,2,6
1298,533,2017-12-14,2017-12-17,2017-12-16,3,9
1299,1216,2017-12-15,2017-12-18,2017-12-16,1,2
1300,824,2017-12-15,2017-12-17,2017-12-17,2,6
1301,1088,2017-12-16,2017-12-19,2017-12-19,1,3
1302,322,2017-12-16,2017-12-18,2017-12-19,2,7
1303,878,2017-12-16,2017-12-19,2017-12-18,2,7
1304,1409,2017-12-16,2017-12-17,2017-12-17,2,6
1305,257,2017-12-17,2017-12-19,2017-12-18,2,7
1306,28,2017-12-20,2017-12-21,2017-12-22,2,6
1307,1384,2017-12-22,2017-12-23,2017-12-25,1,2
1308,713,2017-12-22,2017-12-24,2017-12-24,2,7
1309,821,2017-12-22,2017-12-25,2017-12-24,2,6
1310,444,2017-12-24,2017-12-25,2017-12-26,1,3
1311,1021,2017-12-24,2017-12-26,2017-12-27,2,6
1312,311,2017-12-25,2017-12-28,2017-12-26,1,3
1313,1294,2017-12-25,2017-12-27,2017-12-27,1,3
1314,1027,2017-12-25,2017-12-26,2017-12-28,2,7
1315,931,2017-12-25,2017-12-27,2017-12-28,3,9
1316,846,2017-12-26,2017-12-29,2017-12-27,1,3
1317,418,2017-12-27,2017-12-28,2017-12-29,1,3
1318,75,2017-12-27,2017-12-30,2017-12-29,2,6
1319,604,2017-12-27,2017-12-30,2017-12-30,2,6
1320,244,2017-12-28,2017-12-30,2017-12-29,1,3
1321,217,2017-12-30,2017-12-31,2017-12-31,1,3
1322,39,2017-12-31,2018-01-03,2018-01-02,2,7
1323,273,2017-12-31,2018-01-01,2018-01-01,2,6
1324,862,2018-01-01,2018-01-04,2018-01-03,2,6
1325,68,2018-01-01,2018-01-02,2018-01-03,3,8
1326,567,2018-01-01,2018-01-03,2018-01-02,3,9
1327,1026,2018-01-02,2018-01-03,2018-01-05,2,6
1328,1083,2018-01-02,2018-01-03,2018-01-03,2,6
1329,443,2018-01-04,2018-01-05,2018-01-06,1,3
1330,761,2018-01-04,2018-01-05,2018-01-07,2,7
1331,1122,2018-01-05,2018-01-06,2018-01-08,2,6
1332,256,2018-01-06,2018-01-07,2018-01-09,2,7
1333,203,2018-01-06,2018-01-07,2018-01-07,3,8
1334,425,2018-01-07,2018-01-09,2018-01-10,2,6
1335,955,2018-01-07,2018-01-08,2018-01-08,2,7
1336,904,2018-01-09,2018-01-10,2018-01-12,1,2
1337,970,2018-01-09,2018-01-12,2018-01-12,2,7
1338,905,2018-01-10,2018-01-11,2018-01-13,2,6
1339,580,2018-01-11,2018-01-14,2018-01-13,1,3
1340,1066,2018-01-12,2018-01-13,2018-01-13,1,3
1341,1258,2018-01-12,2018-01-13,2018-01-14,2,7
1342,1393,2018-01-12,2018-01-13,2018-01-15,2,7
1343,594,2018-01-13,2018-01-15,2018-01-14,2,6
1344,916,2018-01-13,2018-01-16,2018-01-15,2,6
1345,1037,2018-01-14,2018-01-15,2018-01-15,2,6
1346,136,2018-01-14,2018-01-15,2018-01-15,3,8
1347,247,2018-01-15,2018-01-18,2018-01-18,1,2
1348,1214,2018-01-15,2018-01-17,2018-01-17,1,2
1349,464,2018-01-15,2018-01-17,2018-01-16,2,6
1350,637,2018-01-15,2018-01-18,2018-01-17,2,7
1351,1016,2018-01-16,2018-01-19,2018-01-19,2,7
1352,1433,2018-01-16,2018-01-18,2018-01-18,2,6
1353,502,2018-01-17,2018-01-19,2018-01-18,2,6
1354,476,2018-01-19,2018-01-20,2018-01-21,1,3
1355,1010,2018-01-19,2018-01-21,2018-01-20,2,7
1356,1161,2018-01-19,2018-01-21,2018-01-22,2,6
1357,440,2018-01-20,2018-01-23,2018-01-21,2,6
1358,253,2018-01-21,2018-01-23,2018-01-24,1,2
1359,1008,2018-01-21,2018-01-22,2018-01-22,3,9
1360,71,2018-01-22,2018-01-25,2018-01-24,2,6
1361,1084,2018-01-22,2018-01-24,2018-01-23,2,7
1362,310,2018-01-23,2018-01-24,2018-01-25,2,6
1363,860,2018-01-24,2018-01-25,2018-01-25,2,6
1364,122,2018-01-25,2018-01-28,2018-01-28,2,6
1365,689,2018-01-25,2018-01-28,2018-01-27,2,7
1366,1441,2018-01-26,2018-01-27,2018-01-28,2,6
1367,1118,2018-01-27,2018-01-28,2018-01-28,1,3
1368,765,2018-01-27,2018-01-28,2018-01-29,2,6
1369,92,2018-01-28,2018-01-30,2018-01-30,2,6
1370,115,2018-01-28,2018-01-29,2018-01-29,2,7
1371,937,2018-01-29,2018-01-30,2018-02-01,2,7
1372,1013,2018-01-29,2018-02-01,2018-01-30,2,6
1373,427,2018-01-29,2018-01-31,2018-01-31,3,9
1374,1330,2018-01-30,2018-02-01,2018-02-01,1,3
1375,312,2018-01-30,2018-02-01,2018-02-01,3,8
1376,1186,2018-02-01,2018-02-02,2018-02-03,1,2
1377,1007,2018-02-01,2018-02-03,2018-02-03,2,7
1378,983,2018-02-02,2018-02-05,2018-02-04,1,2
1379,1256,2018-02-02,2018-02-05,2018-02-05,2,6
1380,818,2018-02-05,2018-02-08,2018-02-08,1,3
1381,680,2018-02-05,2018-02-06,2018-02-08,2,7
1382,1303,2018-02-06,2018-02-09,2018-02-08,2,6
1383,488,2018-02-07,2018-02-08,2018-02-08,1,3
1384,1126,2018-02-08,2018-02-10,2018-02-09,2,7
1385,866,2018-02-08,2018-02-11,2018-02-09,3,9
1386,1254,2018-02-09,2018-02-10,2018-02-11,1,2
1387,11,2018-02-09,2018-02-11,2018-02-11,2,7
1388,323,2018-02-09,2018-02-12,2018-02-12,2,7
1389,491,2018-02-11,2018-02-12,2018-02-14,2,7
1390,63,2018-02-12,2018-02-13,2018-02-13,2,7
1391,914,2018-02-13,2018-02-14,2018-02-14,2,7
1392,1187,2018-02-13,2018-02-14,2018-02-14,2,6
1393,547,2018-02-14,2018-02-15,2018-02-15,2,7
1394,906,2018-02-14,2018-02-16,2018-02-16,3,8
1395,1052,2018-02-15,2018-02-18,2018-02-16,1,3
1396,856,2018-02-15,2018-02-18,2018-02-16,2,7
1397,920,2018-02-15,2018-02-17,2018-02-16,2,6
1398,1383,2018-02-16,2018-02-19,2018-02-19,1,3
1399,146,2018-02-16,2018-02-18,2018-02-18,2,6
1400,987,2018-02-17,2018-02-18,2018-02-18,2,6
1401,15,2018-02-18,2018-02-19,2018-02-20,2,7
1402,1171,2018-02-19,2018-02-21,2018-02-21,2,6
1403,452,2018-02-21,2018-02-22,2018-02-22,2,7
1404,1240,2018-02-23,2018-02-26,2018-02-24,1,3
1405,100,2018-02-25,2018-02-28,2018-02-27,2,6
1406,1053,2018-02-25,2018-02-27,2018-02-27,2,7
1407,18,2018-02-26,2018-02-26,NULL,2,6
1408,1172,2018-02-26,2018-02-27,2018-03-01,2,6
1409,21,2018-02-26,2018-02-28,2018-02-28,3,8
1410,1005,2018-02-27,2018-02-28,2018-02-28,2,7
1411,109,2018-03-01,2018-03-02,2018-03-02,1,2
1412,1043,2018-03-01,2018-03-02,2018-03-04,2,7
1413,56,2018-03-01,2018-03-03,2018-03-04,3,8
1414,293,2018-03-03,2018-03-05,2018-03-06,2,7
1415,839,2018-03-03,2018-03-04,2018-03-05,2,7
1416,566,2018-03-03,2018-03-04,2018-03-06,3,8
1417,300,2018-03-04,2018-03-06,2018-03-07,1,2
1418,364,2018-03-04,2018-03-05,2018-03-07,2,6
1419,474,2018-03-04,2018-03-07,2018-03-07,2,6
1420,838,2018-03-04,2018-03-05,2018-03-07,2,7
1421,1176,2018-03-05,2018-03-07,2018-03-07,2,7
1422,599,2018-03-05,2018-03-06,2018-03-08,3,8
1423,1231,2018-03-06,2018-03-07,2018-03-07,1,2
1424,1445,2018-03-07,2018-03-10,2018-03-10,1,2
1425,126,2018-03-07,2018-03-09,2018-03-09,2,6
1426,938,2018-03-07,2018-03-08,2018-03-10,2,6
1427,999,2018-03-07,2018-03-08,2018-03-08,2,6
1428,195,2018-03-08,2018-03-10,2018-03-11,2,7
1429,1116,2018-03-08,2018-03-09,2018-03-09,2,6
1430,1239,2018-03-10,2018-03-13,2018-03-11,2,7
1431,308,2018-03-11,2018-03-12,2018-03-14,2,6
1432,483,2018-03-11,2018-03-12,2018-03-14,2,6
1433,1142,2018-03-11,2018-03-13,2018-03-12,2,7
1434,595,2018-03-14,2018-03-16,2018-03-16,2,6
1435,744,2018-03-14,2018-03-15,2018-03-16,2,6
1436,1044,2018-03-14,2018-03-17,2018-03-16,2,6
1437,518,2018-03-15,2018-03-16,2018-03-16,1,2
1438,263,2018-03-15,2018-03-17,2018-03-16,2,6
1439,463,2018-03-15,2018-03-16,2018-03-17,2,7
1440,859,2018-03-15,2018-03-18,2018-03-16,3,8
1441,982,2018-03-15,2018-03-16,2018-03-18,3,8
1442,478,2018-03-16,2018-03-17,2018-03-17,2,7
1443,972,2018-03-16,2018-03-17,2018-03-17,2,7
1444,1154,2018-03-16,2018-03-17,2018-03-19,2,6
1445,515,2018-03-17,2018-03-18,2018-03-20,2,7
1446,820,2018-03-17,2018-03-18,2018-03-18,2,6
1447,1419,2018-03-18,2018-03-20,2018-03-20,1,3
1448,228,2018-03-18,2018-03-19,2018-03-21,2,6
1449,330,2018-03-18,2018-03-19,2018-03-20,2,7
1450,296,2018-03-19,2018-03-20,2018-03-22,2,7
1451,822,2018-03-19,2018-03-22,2018-03-20,2,6
1452,287,2018-03-20,2018-03-23,2018-03-23,1,3
1453,601,2018-03-20,2018-03-23,2018-03-22,1,3
1454,395,2018-03-20,2018-03-21,2018-03-22,2,6
1455,405,2018-03-20,2018-03-22,2018-03-21,2,6
1456,754,2018-03-20,2018-03-21,2018-03-23,2,7
1457,1411,2018-03-20,2018-03-23,2018-03-23,2,6
1458,1029,2018-03-20,2018-03-22,2018-03-21,3,8
1459,9,2018-03-21,2018-03-22,2018-03-22,2,7
1460,1131,2018-03-21,2018-03-23,2018-03-23,2,7
1461,139,2018-03-22,2018-03-25,2018-03-23,2,6
1462,1101,2018-03-22,2018-03-24,2018-03-24,2,6
1463,692,2018-03-23,2018-03-24,2018-03-24,2,7
1464,1279,2018-03-24,2018-03-25,2018-03-25,2,7
1465,623,2018-03-25,2018-03-28,2018-03-28,2,7
1466,738,2018-03-26,2018-03-29,2018-03-28,1,3
1467,152,2018-03-26,2018-03-27,2018-03-29,2,7
1468,3,2018-03-27,2018-03-30,2018-03-29,1,2
1469,1135,2018-03-27,2018-03-28,2018-03-30,3,8
1470,505,2018-03-28,2018-03-31,2018-03-31,2,7
1471,1310,2018-03-28,2018-03-30,2018-03-29,2,7
1472,114,2018-03-29,2018-03-30,2018-03-31,2,6
1473,302,2018-03-30,2018-04-01,2018-04-02,1,2
1474,816,2018-03-30,2018-04-01,2018-04-02,1,3
1475,112,2018-03-30,2018-04-01,2018-03-31,2,6
1476,35,2018-03-31,2018-04-01,2018-04-01,2,7
1477,180,2018-03-31,2018-04-03,2018-04-01,2,6
1478,392,2018-03-31,2018-04-02,2018-04-02,2,6
1479,23,2018-04-01,2018-04-01,NULL,2,7
1480,27,2018-04-01,2018-04-01,NULL,2,7
1481,62,2018-04-01,2018-04-01,NULL,2,6
1482,94,2018-04-01,2018-04-01,NULL,2,7
1483,15,2018-04-02,2018-04-02,NULL,2,7
1484,35,2018-04-02,2018-04-02,NULL,2,6
1485,51,2018-04-02,2018-04-02,NULL,2,7
1486,84,2018-04-02,2018-04-02,NULL,2,7
1487,33,2018-04-03,2018-04-03,NULL,1,3
1488,181,2018-04-03,2018-04-03,NULL,1,3
1489,194,2018-04-03,2018-04-03,NULL,1,3
1490,217,2018-04-03,2018-04-03,NULL,1,3
1491,82,2018-04-04,2018-04-04,NULL,1,3
1492,41,2018-04-04,2018-04-04,NULL,2,7
1493,64,2018-04-04,2018-04-04,NULL,3,8
1494,69,2018-04-05,2018-04-05,NULL,1,3
1495,86,2018-04-05,2018-04-05,NULL,2,7
1496,3,2018-04-06,2018-04-06,NULL,1,3
1497,31,2018-04-06,2018-04-06,NULL,1,2
1498,81,2018-04-06,2018-04-06,NULL,1,2
1499,120,2018-04-06,2018-04-06,NULL,1,2
1500,151,2018-04-06,2018-04-06,NULL,1,3
1501,52,2018-04-06,2018-04-06,NULL,2,6
1502,83,2018-04-06,2018-04-06,NULL,2,6
1503,208,2018-04-07,2018-04-07,NULL,1,3
1504,237,2018-04-08,2018-04-08,NULL,1,2
1505,22,2018-04-08,2018-04-08,NULL,2,7
1506,75,2018-04-08,2018-04-08,NULL,2,7
1507,85,2018-04-08,2018-04-08,NULL,2,6
1508,92,2018-04-08,2018-04-08,NULL,2,6
1509,2,2018-04-09,2018-04-09,NULL,1,3
1510,16,2018-04-09,2018-04-09,NULL,2,6
1511,25,2018-04-09,2018-04-09,NULL,2,6
1512,68,2018-04-09,2018-04-09,NULL,3,9
1513,32,2018-04-10,2018-04-10,NULL,1,2
1514,87,2018-04-10,2018-04-10,NULL,1,3
1515,61,2018-04-10,2018-04-10,NULL,3,9
1516,47,2018-04-11,2018-04-11,NULL,1,3
1517,97,2018-04-11,2018-04-11,NULL,1,2
1518,175,2018-04-11,2018-04-11,NULL,1,2
1519,26,2018-04-11,2018-04-11,NULL,2,7
1520,66,2018-04-11,2018-04-11,NULL,3,8
1521,53,2018-04-12,2018-04-12,NULL,1,3
1522,78,2018-04-12,2018-04-12,NULL,1,3
1523,8,2018-04-12,2018-04-12,NULL,2,7
1524,37,2018-04-12,2018-04-12,NULL,2,6
1525,38,2018-04-12,2018-04-12,NULL,2,7
1526,59,2018-04-12,2018-04-12,NULL,2,7
1527,13,2018-04-12,2018-04-12,NULL,3,9
1528,20,2018-04-12,2018-04-12,NULL,3,8
1529,50,2018-04-12,2018-04-12,NULL,3,8
1530,110,2018-04-13,2018-04-13,NULL,1,2
1531,233,2018-04-13,2018-04-13,NULL,1,2
1532,7,2018-04-13,2018-04-13,NULL,2,7
1533,28,2018-04-13,2018-04-13,NULL,2,6
1534,18,2018-04-14,2018-04-14,NULL,2,7
1535,19,2018-04-14,2018-04-14,NULL,2,7
1536,34,2018-04-14,2018-04-14,NULL,2,7
1537,36,2018-04-15,2018-04-15,NULL,2,6
1538,79,2018-04-15,2018-04-15,NULL,2,6
1539,116,2018-04-15,2018-04-15,NULL,3,9
1540,187,2018-04-16,2018-04-16,NULL,1,2
1541,10,2018-04-16,2018-04-16,NULL,2,7
1542,58,2018-04-16,2018-04-16,NULL,2,6
1543,76,2018-04-16,2018-04-16,NULL,2,6
1544,5,2018-04-17,2018-04-17,NULL,1,2
1545,67,2018-04-17,2018-04-17,NULL,1,3
1546,91,2018-04-17,2018-04-17,NULL,1,3
1547,169,2018-04-17,2018-04-17,NULL,1,3
1548,170,2018-04-17,2018-04-17,NULL,1,2
1549,17,2018-04-17,2018-04-17,NULL,2,7
1550,39,2018-04-17,2018-04-17,NULL,2,6
1551,70,2018-04-17,2018-04-17,NULL,2,7
1552,73,2018-04-17,2018-04-17,NULL,2,7
1553,30,2018-04-18,2018-04-18,NULL,1,3
1554,172,2018-04-18,2018-04-18,NULL,1,3
1555,1,2018-04-18,2018-04-18,NULL,2,7
1556,4,2018-04-18,2018-04-18,NULL,2,6
1557,121,2018-04-19,2018-04-19,NULL,1,3
1558,63,2018-04-19,2018-04-19,NULL,2,6
1559,42,2018-04-20,2018-04-20,NULL,2,6
1560,57,2018-04-20,2018-04-20,NULL,2,7
1561,65,2018-04-20,2018-04-20,NULL,2,7
1562,88,2018-04-20,2018-04-20,NULL,2,7
1563,77,2018-04-20,2018-04-20,NULL,3,9
1564,46,2018-04-21,2018-04-21,NULL,1,3
1565,60,2018-04-21,2018-04-21,NULL,1,2
1566,72,2018-04-21,2018-04-21,NULL,1,3
1567,89,2018-04-21,2018-04-21,NULL,1,2
1568,192,2018-04-21,2018-04-21,NULL,1,3
1569,29,2018-04-22,2018-04-22,NULL,2,7
1570,54,2018-04-22,2018-04-22,NULL,2,7
1571,80,2018-04-22,2018-04-22,NULL,2,7
1572,14,2018-04-22,2018-04-22,NULL,3,9
1573,24,2018-04-23,2018-04-23,NULL,1,2
1574,124,2018-04-23,2018-04-23,NULL,1,2
1575,224,2018-04-23,2018-04-23,NULL,1,3
1576,12,2018-04-23,2018-04-23,NULL,2,7
1577,48,2018-04-23,2018-04-23,NULL,2,7
1578,93,2018-04-23,2018-04-23,NULL,2,7
1579,104,2018-04-24,2018-04-24,NULL,1,2
1580,191,2018-04-24,2018-04-24,NULL,1,2
1581,188,2018-04-25,2018-04-25,NULL,1,2
1582,240,2018-04-25,2018-04-25,NULL,1,3
1583,44,2018-04-25,2018-04-25,NULL,2,6
1584,109,2018-04-26,2018-04-26,NULL,1,3
1585,157,2018-04-26,2018-04-26,NULL,1,3
1586,176,2018-04-26,2018-04-26,NULL,1,2
1587,231,2018-04-26,2018-04-26,NULL,1,2
1588,11,2018-04-26,2018-04-26,NULL,2,6
1589,40,2018-04-27,2018-04-27,NULL,1,3
1590,138,2018-04-27,2018-04-27,NULL,1,3
1591,165,2018-04-27,2018-04-27,NULL,1,2
1592,6,2018-04-27,2018-04-27,NULL,2,7
1593,9,2018-04-27,2018-04-27,NULL,2,6
1594,45,2018-04-28,2018-04-28,NULL,2,7
1595,71,2018-04-28,2018-04-28,NULL,2,7
1596,21,2018-04-28,2018-04-28,NULL,3,8
1597,56,2018-04-28,2018-04-28,NULL,3,9
1598,239,2018-04-29,2018-04-29,NULL,1,3
1599,49,2018-04-29,2018-04-29,NULL,2,7
1600,90,2018-04-29,2018-04-29,NULL,2,6
1601,43,2018-04-29,2018-04-29,NULL,3,8
1602,55,2018-04-30,2018-04-30,NULL,2,6
1603,74,2018-04-30,2018-04-30,NULL,2,6
1604,7,2018-06-17,2018-06-17,NULL,2,7
1605,123,2018-07-01,2018-07-01,NULL,3,8
1606,119,2018-07-10,2018-07-10,NULL,3,8
1607,33,2018-07-11,2018-07-11,NULL,1,2
1608,53,2018-07-12,2018-07-12,NULL,1,2
1609,10,2018-08-23,2018-08-23,NULL,2,7
1610,15,2018-08-25,2018-08-25,NULL,2,7
1611,6,2018-09-06,2018-09-06,NULL,2,7
1612,3,2018-10-21,2018-10-21,NULL,1,3
1613,1,2018-11-18,2018-11-18,NULL,2,6
1614,135,2018-11-28,2018-11-28,NULL,3,8
1615,136,2018-12-28,2018-12-28,NULL,3,8
